gene_id	baseMean	log2FoldChange	lfcSE	stat	pvalue	padj	comparison
Grn	784.2240666917279	-2.0161873166274344	0.08149208808890727	-24.740896495716107	3.885034343509955e-135	5.813176888193946e-131	ghko_vs_wt
Tnfrsf25	240.52001116358227	-0.9411607140581124	0.13612890408937006	-6.913746352062237	4.720188500040733e-12	2.4215338900983848e-8	ghko_vs_wt
Trib1	677.2744299722278	-0.8879105482840645	0.12850108771477256	-6.909751225257447	4.8550435542973696e-12	2.4215338900983848e-8	ghko_vs_wt
Hif3a	139.72162826354588	0.9323637910200842	0.13675434260382996	6.817800248735738	9.244505587212722e-12	3.458138427536599e-8	ghko_vs_wt
Ahsg	10.888235015041191	0.6139720414118968	0.09115286685681259	6.735630623404903	1.6322045435149353e-11	4.884535316922795e-8	ghko_vs_wt
Dusp6	1369.291868897537	-0.7327891901287106	0.11123316630694101	-6.587865961727857	4.461931711552539e-11	1.1127314033326775e-7	ghko_vs_wt
Arhgap27os3	8.184649061642263	0.7625977441457095	0.11707371339165774	6.51382553822752	7.326058181218566e-11	1.2755067580549992e-7	ghko_vs_wt
Gc	9.836840763204968	0.6016957886368584	0.09247048329594199	6.506895683795603	7.671964727992375e-11	1.2755067580549992e-7	ghko_vs_wt
Tceal5	1156.2989348018884	0.4264828108614749	0.06545320181287391	6.5158433666967	7.22823714505892e-11	1.2755067580549992e-7	ghko_vs_wt
Adh1	11.00802797649471	0.7421395324828123	0.11675083369629541	6.356610132766537	2.0625458219043694e-10	3.086187313315508e-7	ghko_vs_wt
Fam46a	112.3033444089554	-0.7763767121043122	0.12331956125547303	-6.295649321164415	3.0611571742636037e-10	4.1640086180460273e-7	ghko_vs_wt
Apoa1	19.998370477711994	0.7091350588040816	0.11422268945623396	6.2083554693027665	5.354193267575995e-10	6.676232821894968e-7	ghko_vs_wt
Fgb	6.868651061554434	0.5303380055172704	0.08914254598541643	5.949325315478792	2.69250024122706e-9	3.0990677776523462e-6	ghko_vs_wt
Arl4d	524.6308524464372	-0.7595718144274541	0.12873417410978774	-5.900312171806627	3.628144434408311e-9	3.877708940860825e-6	ghko_vs_wt
Klf2	440.69841928958084	-0.7737215558162193	0.13478630598033411	-5.740357302537162	9.447700166988077e-9	9.424395839909506e-6	ghko_vs_wt
Dok6	56.36177178223336	-0.7704236718768329	0.13565920627041997	-5.6791108621193604	1.353967064381909e-8	1.2662130740216566e-5	ghko_vs_wt
Malat1	23570.08533320094	-0.6168774280689747	0.10883651995936794	-5.66792679791006	1.4453568670785448e-8	1.2721691060056626e-5	ghko_vs_wt
Serpina1b	9.924798506906006	0.5030715972875334	0.08973454641156203	5.606219871889987	2.0679323435911652e-8	1.719026203175256e-5	ghko_vs_wt
Nr2e1	358.3469246534897	-0.48252064421728036	0.08651621762449946	-5.577227685929734	2.4438191695863462e-8	1.924571907080026e-5	ghko_vs_wt
Ier2	382.1651794317985	-0.7462380628628535	0.13424210831189243	-5.5588970722142985	2.7148473016132286e-8	2.031113008701937e-5	ghko_vs_wt
Pisd-ps1	8043.371619244894	-0.5938355794799082	0.10726619918325436	-5.5360923012233805	3.092946125146231e-8	2.1966756278727868e-5	ghko_vs_wt
4933404O12Rik	332.83464004762305	0.46770831075246166	0.0845994567339431	5.528502531917645	3.229757656432621e-8	2.1966756278727868e-5	ghko_vs_wt
Gem	51.76371253518485	-0.7435904432178186	0.135782203924301	-5.476346838738696	4.3419624859242835e-8	2.7070326948702107e-5	ghko_vs_wt
Apoa2	26.804404187777383	0.7172055528047926	0.13084796499750898	5.481212893287614	4.2241979628130436e-8	2.7070326948702107e-5	ghko_vs_wt
Itih4	7.8316843063252755	0.5599929680963542	0.10421840868973599	5.3732634679107845	7.732421693766997e-8	4.628009032153423e-5	ghko_vs_wt
S1pr1	2972.7479459927063	-0.43047666329377177	0.08024784797500438	-5.364339034086705	8.124617482923699e-8	4.675717361422589e-5	ghko_vs_wt
Xbp1	1446.333409189621	-0.30603992360019944	0.057705656715019114	-5.303464877136492	1.1362507391567304e-7	6.296933262963762e-5	ghko_vs_wt
Mat1a	11.519125403705031	0.48770991462722846	0.09244765726840003	5.275524864965236	1.3237666008090073e-7	7.074114159966134e-5	ghko_vs_wt
Adamts1	370.1130927496441	-0.6764568494032879	0.1290719906338567	-5.240926757860411	1.5977212675724064e-7	8.128124012216451e-5	ghko_vs_wt
Csrnp1	309.5168386534509	-0.6591756989865403	0.12586233350063425	-5.237275367878179	1.6296445924379707e-7	8.128124012216451e-5	ghko_vs_wt
Pisd-ps2	1360.939515415173	-0.5700039744468126	0.10948020129439046	-5.20645712839056	1.924801378482363e-7	9.290581621365032e-5	ghko_vs_wt
Prex2	675.628190546958	-0.6147909125979424	0.11862513243110684	-5.1826362592681665	2.1877143061186914e-7	1.0229615363266869e-4	ghko_vs_wt
Dok3	207.97984536631927	-0.5959021689438356	0.11516868558638901	-5.174168359304963	2.2892833425041083e-7	1.0380165652693628e-4	ghko_vs_wt
Arc	9513.94360506741	-0.6647014230166004	0.12882064535892623	-5.159898253611272	2.4708408728027e-7	1.0873879994043175e-4	ghko_vs_wt
Zbed6	156.9931444046174	-0.6107518115705862	0.11872535837418764	-5.144240623352553	2.6860507700583564e-7	1.1164271575661997e-4	ghko_vs_wt
Fkbp5	624.8529365497076	0.57704997420257	0.11211984505191704	5.146724684959806	2.6507392258583834e-7	1.1164271575661997e-4	ghko_vs_wt
Ptar1	14.36178288767615	-0.6359769684243965	0.12390850078340794	-5.132633874217269	2.8571536408662544e-7	1.1554483764400477e-4	ghko_vs_wt
Nr4a1	4125.705363000224	-0.7055316731184317	0.13762795973548395	-5.126368758749592	2.9538379219513684e-7	1.163112548056798e-4	ghko_vs_wt
Klf4	249.40934017615552	-0.6875688452621354	0.1345692983218815	-5.109403510580199	3.231774842143223e-7	1.2089261740747261e-4	ghko_vs_wt
Grid1	1284.5410199912058	0.3273707538813976	0.06402590465658989	5.113098450342674	3.169170192554151e-7	1.2089261740747261e-4	ghko_vs_wt
Otud4	950.9248259543361	-0.3992166959302544	0.0785373998276954	-5.083141239792799	3.712434326759333e-7	1.3548574349097535e-4	ghko_vs_wt
Tiparp	218.08522865361766	-0.6731657911162628	0.134802915982176	-4.993703483426653	5.923231558022361e-7	2.110221757206871e-4	ghko_vs_wt
Map2k3	341.0096400454107	-0.5337525660152381	0.10765786203561376	-4.957859611206752	7.127403424834693e-7	2.3708764109879168e-4	ghko_vs_wt
Cfp	265.214977822729	-0.5223144926938195	0.10535243320440045	-4.9577829083496	7.130217101814894e-7	2.3708764109879168e-4	ghko_vs_wt
Sbk1	2440.493730362812	-0.39968245468161206	0.08051244448233029	-4.964232017192431	6.897344937886682e-7	2.3708764109879168e-4	ghko_vs_wt
Phf20l1	926.6435854910884	-0.3491369916633836	0.0706888221734019	-4.93906930302134	7.849631349722469e-7	2.553348562736898e-4	ghko_vs_wt
Cyr61	285.78753852054166	-0.6487918411425022	0.13164742743555644	-4.928253090703929	8.296809838884423e-7	2.6413865025367574e-4	ghko_vs_wt
Stk40	984.1836291275106	-0.48455897402015125	0.09864062875583354	-4.912367045222172	8.998339959197107e-7	2.805045016863882e-4	ghko_vs_wt
Snapc2	496.8946457021258	0.33845758781938884	0.06923952724217415	4.888213442526693	1.0175517492643511e-6	3.10727078045765e-4	ghko_vs_wt
Pdia4	672.1078069349599	-0.41453005540619486	0.08493810250485744	-4.880378101011719	1.0588264418453882e-6	3.168644009866509e-4	ghko_vs_wt
Sik1	461.3226845929712	-0.6597458739082154	0.13554557588965968	-4.867336093988628	1.1311257398341838e-6	3.3186342049291946e-4	ghko_vs_wt
Chst8	343.5376532517232	0.5029219755378016	0.1036105569812833	4.853964597725807	1.2101734947759644e-6	3.416570943836369e-4	ghko_vs_wt
Adam11	5965.160071881552	0.4123508258298211	0.08494997210867225	4.854043098475904	1.2096942791222871e-6	3.416570943836369e-4	ghko_vs_wt
Zfp369	45.898460077774885	-0.6554362370891956	0.13615442160802813	-4.8139181184737145	1.4799946820950136e-6	4.1009556348495723e-4	ghko_vs_wt
Prmt8	1642.8801337391183	0.3476091199738726	0.07268577937629103	4.782353893109073	1.7325431014882051e-6	4.7134622595578206e-4	ghko_vs_wt
AU023762	31.315231858582617	0.649248757846285	0.13598322423598813	4.774476862819234	1.8017499520489915e-6	4.814211523662332e-4	ghko_vs_wt
Gbp3	82.26016400965864	-0.552240441743627	0.11665626353710792	-4.733911622053292	2.2023365240141946e-6	5.781326562951648e-4	ghko_vs_wt
Fam19a1	413.87861581555615	0.6106707978634426	0.12924816256847502	4.724792876958017	2.3035001310275068e-6	5.84191058653637e-4	ghko_vs_wt
Spry4	310.9584231263575	-0.5403416164613359	0.11435489947266425	-4.7251286910579715	2.2996967342577204e-6	5.84191058653637e-4	ghko_vs_wt
Dusp1	1170.402889459968	-0.6505954735400581	0.13785161215285507	-4.719534747396739	2.3638466686110784e-6	5.895039617071261e-4	ghko_vs_wt
Car8	167.24687776240214	-0.5987287578747048	0.12780770002014602	-4.684606309168608	2.8049855232073472e-6	6.790917425206274e-4	ghko_vs_wt
Apoc3	7.512641083044821	0.49245492397657253	0.1051364559356754	4.68395971305963	2.813853374074644e-6	6.790917425206274e-4	ghko_vs_wt
Hpx	16.588661234448303	0.5699667571553598	0.12191238689089656	4.675216126031902	2.936442061519061e-6	6.934120202125714e-4	ghko_vs_wt
Zbtb40	471.1614754702909	-0.41669190376670906	0.08916687902505897	-4.673169099589145	2.9658737748850213e-6	6.934120202125714e-4	ghko_vs_wt
Cbl	206.3689538813722	-0.6414222212108033	0.13744354323714125	-4.666805046666407	3.05919337066861e-6	7.04226313927914e-4	ghko_vs_wt
Hnrnpd	2595.583499925044	0.1819376261394382	0.03906708309500528	4.657056829581907	3.2076192444666164e-6	7.272061629538482e-4	ghko_vs_wt
Tox2	430.9458401735181	0.43189221428740787	0.09302923228877978	4.642543033642752	3.441469300849775e-6	7.685776887853011e-4	ghko_vs_wt
Helz	348.99897435543045	-0.52422116486379855	0.11308795829972479	-4.6355171031951885	3.560462825711726e-6	7.748140266036833e-4	ghko_vs_wt
Bdp1	438.0288203762292	-0.5120471650210338	0.11047898488872471	-4.634792449774694	3.5729578183288207e-6	7.748140266036833e-4	ghko_vs_wt
Oprl1	769.9226179589645	0.3187956297825816	0.06884414441579945	4.630686204147514	3.6445585923047315e-6	7.7905043166651e-4	ghko_vs_wt
Per1	3712.710024159984	-0.593863008354665	0.12849970101887626	-4.621512763422135	3.809518910693901e-6	8.028426966297583e-4	ghko_vs_wt
Amer2	357.0339494958626	-0.5952300349851115	0.13022145774018998	-4.570905942188719	4.85620226258907e-6	0.0010092132563211146	ghko_vs_wt
Tmem181b-ps	2346.2320911582724	-0.4786231701605043	0.10484672490551493	-4.564979693851446	4.9954269155032375e-6	0.00102392565666678	ghko_vs_wt
Hipk2	324.9313205160768	-0.6109841233737501	0.13474965469664965	-4.534216616355762	5.781766949988903e-6	0.0010952375640421986	ghko_vs_wt
Uox	12.509492677210602	0.5415497297333518	0.11939246917878724	4.535878464180137	5.7364208810019495e-6	0.0010952375640421986	ghko_vs_wt
Pdk4	194.0170058327396	-0.4969130016843932	0.10930528453705521	-4.546102265677159	5.464849127218154e-6	0.0010952375640421986	ghko_vs_wt
Ptchd1	235.23728514895373	-0.40096036993502865	0.08828771998197307	-4.541519137847237	5.585031486557926e-6	0.0010952375640421986	ghko_vs_wt
Zswim4	577.1317369715675	-0.3988572160870882	0.08790837605093828	-4.537192404236559	5.70080918793864e-6	0.0010952375640421986	ghko_vs_wt
Grm3	967.8314191393315	-0.370043041950832	0.08161173168262859	-4.534189317166484	5.7825147068992634e-6	0.0010952375640421986	ghko_vs_wt
Tm6sf2	53.77879178928828	-0.6083218110167882	0.13430195613090126	-4.529508195873706	5.912114105251368e-6	0.0011057870419609527	ghko_vs_wt
Trip11	282.36922021251814	-0.5282358479072901	0.11692400782293817	-4.51777062506457	6.24941285968065e-6	0.0011493736877370734	ghko_vs_wt
Apc	5296.097040645091	-0.4298808981593142	0.09518844499850353	-4.516103799847476	6.29877981651006e-6	0.0011493736877370734	ghko_vs_wt
Zfp948	179.72639014431712	-0.4442000751150426	0.09846839127443308	-4.5110930458592495	6.4494420566158935e-6	0.001162686764977634	ghko_vs_wt
Grin2b	482.7763764425297	-0.5900538314562016	0.13109563555402376	-4.500941842667553	6.765301629095263e-6	0.0012051096223351478	ghko_vs_wt
Spry2	1199.7670082771622	-0.3479215634570368	0.07757769833882695	-4.484814204431032	7.29774956287079e-6	0.0012846614906968897	ghko_vs_wt
Sox21	362.0589194066139	-0.4732651567694937	0.10604513124681203	-4.462865491372771	8.087082235139092e-6	0.0014070582730742586	ghko_vs_wt
Emx2	249.79291197996244	-0.47272608809354016	0.10603795418692047	-4.458083822140071	8.269556622979018e-6	0.0014222686867774142	ghko_vs_wt
Chpt1	330.0506933673079	-0.3859429528391926	0.0866453294473987	-4.454284556370621	8.417340307288133e-6	0.0014312348070221856	ghko_vs_wt
Nmnat2	2445.691069383579	0.22669729458789767	0.05099362510231927	4.445600683085916	8.764661952549731e-6	0.001473546480853951	ghko_vs_wt
Smg1	2250.794611619241	-0.4065552102393405	0.0916567469219828	-4.435627751281591	9.18043687770714e-6	0.0015095261208915598	ghko_vs_wt
Tra2a	1211.414656827054	-0.2928059060757721	0.06601167489557212	-4.435668486506055	9.178700901354492e-6	0.0015095261208915598	ghko_vs_wt
Lancl2	1597.4909733496816	0.3036452819063265	0.06851251640367383	4.431968023437601	9.337686823384267e-6	0.001518693564546726	ghko_vs_wt
Zcchc3	204.3294984187544	0.44805698455004594	0.10131360567742476	4.4224759503341255	9.757621350687072e-6	0.0015590782887748963	ghko_vs_wt
Ndufb6	900.9663863175501	0.29436170992321925	0.0665726143576748	4.421663664006068	9.794383422097191e-6	0.0015590782887748963	ghko_vs_wt
Igsf9b	550.0689058935249	-0.596299195464356	0.13506292096782446	-4.414973341250409	1.0102243894954398e-5	0.001591156583160028	ghko_vs_wt
Ppp2r1b	293.482088560563	-0.3863101095127093	0.08773443388121194	-4.403175497043201	1.0667780118472526e-5	0.0016218801529843986	ghko_vs_wt
Sft2d2	744.5123249325895	-0.3767063753223879	0.0855317479950814	-4.4042871115419135	1.0613230598415932e-5	0.0016218801529843986	ghko_vs_wt
Tbcc	436.7091978726699	0.3751579536606717	0.0852572167131862	4.400307306802432	1.0809768193002395e-5	0.0016218801529843986	ghko_vs_wt
Abca7	1250.8147817674105	-0.3541327507954319	0.0804899139951683	-4.399715855289521	1.0839271222244193e-5	0.0016218801529843986	ghko_vs_wt
Mthfr	928.4976215773527	-0.2847010193781578	0.06467577247573675	-4.401973234799228	1.0727079256733796e-5	0.0016218801529843986	ghko_vs_wt
Cd36	8.853359804843834	0.44342026207251733	0.10083761476563273	4.397369603625759	1.0957067109800636e-5	0.001623273219445019	ghko_vs_wt
Bicd2	2382.2401645691416	-0.22608380469007033	0.05167495543884661	-4.375113684570533	1.21369207957868e-5	0.0017804386849740968	ghko_vs_wt
Junb	2433.5688220223437	-0.6028555662199425	0.13790123486228384	-4.371647337473004	1.233125921398245e-5	0.001780660311414707	ghko_vs_wt
Shkbp1	450.32936626236375	-0.3079960385200628	0.07049588509135492	-4.36899314223708	1.2482068572803751e-5	0.001780660311414707	ghko_vs_wt
Ube3b	3619.87284948945	-0.19562359658570228	0.04477783897302703	-4.368759213760644	1.2495444275783215e-5	0.001780660311414707	ghko_vs_wt
Rapgef4	13040.345378775368	-0.5017131905335013	0.11507928650681636	-4.359717597864877	1.302303991350234e-5	0.001821156506782575	ghko_vs_wt
Armcx5	338.3039145909329	0.41083910226394504	0.09421492392782385	4.360658430066564	1.2967165327888291e-5	0.001821156506782575	ghko_vs_wt
Ptpn1	1362.5041502699223	-0.30724291439948476	0.07051075225408188	-4.357390959216414	1.3162203503963244e-5	0.001823574546572241	ghko_vs_wt
Plk3	490.83388865550705	-0.5281739619997834	0.12152105750251362	-4.346357519056797	1.3841689194456506e-5	0.0018828472310604791	ghko_vs_wt
Fam181b	473.85627436878696	-0.4061641423318632	0.093437189403788	-4.346921658533931	1.3806150296028303e-5	0.0018828472310604791	ghko_vs_wt
Lama3	222.85306850446992	-0.4388500766685794	0.10109208837426868	-4.341092203416004	1.4177620974854645e-5	0.001911168852673424	ghko_vs_wt
Ppm1g	1676.611974915602	0.21717232821563226	0.050118085729857216	4.333212752502528	1.4694897549309547e-5	0.0019632120716992743	ghko_vs_wt
Hmgb3	215.74068459289526	0.4807046897027078	0.11108171191079834	4.327487229299517	1.5082008700869126e-5	0.0019795797911500413	ghko_vs_wt
Car3	17.194607929418805	0.4793172525182356	0.1107505036713087	4.327901333440244	1.5053687444069615e-5	0.0019795797911500413	ghko_vs_wt
Gpr25	200.20338149493588	0.39143088856142344	0.09056228482227419	4.322228500855461	1.544610962217876e-5	0.0019924149851436273	ghko_vs_wt
Dctn6	886.6103500274527	0.21829198354251508	0.05050438932004294	4.322237858559449	1.5445454337781663e-5	0.0019924149851436273	ghko_vs_wt
Prkd1	202.03671886774592	-0.39640650033872765	0.0918425131270311	-4.316154761471322	1.5877068480298727e-5	0.0020305006467582036	ghko_vs_wt
Nbeal1	92.46643425639111	-0.5731291363922224	0.13294971447668674	-4.31087150994012	1.6261237889279228e-5	0.0020548484259225387	ghko_vs_wt
Clk1	1676.3536562650806	-0.42819076957347757	0.09939609437292304	-4.307923488089518	1.64794366845355e-5	0.0020548484259225387	ghko_vs_wt
Spock2	14176.883416458108	0.2698845488796573	0.06262845872341995	4.309295716050151	1.6377525886721813e-5	0.0020548484259225387	ghko_vs_wt
Tmem151b	5193.320430199981	-0.3989550055933094	0.09273072720631785	-4.302295664150988	1.6903753748817275e-5	0.002090337746640933	ghko_vs_wt
Aldoa	37199.65185316549	0.2914639462853464	0.06780061439790108	4.298839308075197	1.7169489510834815e-5	0.002105795668447716	ghko_vs_wt
Txnrd1	986.4577003234305	-0.24679246409081892	0.057515852724316835	-4.290859865604997	1.779826077730156e-5	0.002165165658624091	ghko_vs_wt
Hprt	1049.123544539796	-0.5474659113022089	0.12800204945829438	-4.277008951177646	1.8942118908690165e-5	0.0022857332679897657	ghko_vs_wt
8430408G22Rik	58.92095448071402	-0.5880987203330917	0.13775184443756183	-4.269262039534118	1.96120756533282e-5	0.002347643904005999	ghko_vs_wt
Irf9	248.99403922812928	-0.47114436397020437	0.11052621435985407	-4.262738633535756	2.0193666330668855e-5	0.0023980780103634767	ghko_vs_wt
Edn1	68.36013898305592	-0.5627122800261191	0.13224363572206616	-4.255118039924132	2.089387588601478e-5	0.0024616934242711747	ghko_vs_wt
Fbxo16	91.412876698546	0.5002522057961232	0.11776149847870715	4.248011550961841	2.1567627715060705e-5	0.0025212219804722916	ghko_vs_wt
Creld2	380.46909160487473	-0.38594448917285223	0.09090961606427389	-4.245364856672436	2.1823801292177502e-5	0.0025313917731383875	ghko_vs_wt
Cirbp	1171.7387862117519	0.40060873910429495	0.09458519337952702	4.235427605426948	2.281171901960497e-5	0.0026091672469072116	ghko_vs_wt
Ptprz1	2991.30446514784	-0.38132089307768	0.09003782322944882	-4.235118968901958	2.2843073537716015e-5	0.0026091672469072116	ghko_vs_wt
Bmp2k	232.74823721512152	-0.44974064072364706	0.10627979619208251	-4.231666382863756	2.319663041232594e-5	0.0026294786428760083	ghko_vs_wt
Manf	657.1379991298026	-0.3714114693565236	0.08802986454582556	-4.219153025768642	2.452217971492844e-5	0.0027588374065749947	ghko_vs_wt
Fam122a	250.31378240470116	0.44252738378874357	0.10515445675416481	4.208355950364572	2.572354322717876e-5	0.002812024617179644	ghko_vs_wt
Trmt44	185.79600692876986	-0.43711277455876646	0.10383839999833679	-4.209548438398202	2.5588158193875757e-5	0.002812024617179644	ghko_vs_wt
Chd9	1120.6291900049644	-0.40300127149066667	0.09576678499538632	-4.208152873776453	2.5746666614556656e-5	0.002812024617179644	ghko_vs_wt
Macf1	6993.96202503033	-0.3048170290942158	0.07240986283350892	-4.209606497875542	2.558158394287693e-5	0.002812024617179644	ghko_vs_wt
Dio2	1406.1024524600289	-0.5249809482355835	0.12496625584289901	-4.200981654564107	2.6576012820827114e-5	0.002881571593029247	ghko_vs_wt
Abca1	594.4713674031491	-0.4772793196434111	0.11387160304451957	-4.191381405747073	2.7726110644227723e-5	0.0029633270969255674	ghko_vs_wt
Krt2	12.110959108842579	0.4291390449486934	0.10236514682034108	4.19223786883114	2.76216153926314e-5	0.0029633270969255674	ghko_vs_wt
Slco1c1	930.0989681288388	-0.36378292286857905	0.08698782262857421	-4.181998259938992	2.889581819602438e-5	0.0030448459694867097	ghko_vs_wt
Marf1	1983.1460091606646	-0.292674460780486	0.06996445358378274	-4.183187973161357	2.8744952520140584e-5	0.0030448459694867097	ghko_vs_wt
Egr4	1443.1118410433464	-0.5378571333206498	0.12911045164433405	-4.165868266051049	3.101697798998849e-5	0.003245503787861523	ghko_vs_wt
Ago3	93.37425050300622	-0.570216888375608	0.1372322372667361	-4.155123458836327	3.251119459456521e-5	0.0033092857463842126	ghko_vs_wt
Kmt2c	1355.168425071553	-0.3760797893744473	0.09050972648980564	-4.155131210310377	3.251009239766685e-5	0.0033092857463842126	ghko_vs_wt
Fads1	4830.054088430855	-0.2260678546420318	0.054360099467187735	-4.158709363261715	3.2005080753553776e-5	0.0033092857463842126	ghko_vs_wt
Os9	3800.797799477869	0.19602181665603224	0.04714430427161053	4.1579109011069475	3.2117123487601706e-5	0.0033092857463842126	ghko_vs_wt
Fam135b	121.93436754230675	-0.5691118874620854	0.13724351037535037	-4.146730770042303	3.372562425335594e-5	0.0034097061871821953	ghko_vs_wt
Dnajb14	125.60403263223387	-0.570591378396876	0.13769124933740506	-4.14399158365302	3.413122754176702e-5	0.0034275540785735567	ghko_vs_wt
Atp5g3	3506.3117683129276	0.21540965619223165	0.05201513353629749	4.141288151109201	3.453607642495346e-5	0.0034450887436438572	ghko_vs_wt
Dnajb5	3275.413293745839	-0.4149459666354019	0.10049175113756587	-4.129154502118001	3.6409968289365284e-5	0.0036079626192965083	ghko_vs_wt
Luzp2	2001.8831874953578	-0.32717892324725817	0.07962500181417624	-4.108997372594195	3.973805965600842e-5	0.003911845964689829	ghko_vs_wt
Gm20219	71.76819135138456	-0.5449478396052121	0.13297631911679098	-4.098081848141646	4.165879850398686e-5	0.003945193683640224	ghko_vs_wt
Atf3	28.37862974318141	-0.5315279044969924	0.12969485741509018	-4.098295916204526	4.1620297592545846e-5	0.003945193683640224	ghko_vs_wt
Egr2	320.8833525437133	-0.4906077652755198	0.11963590383184176	-4.100840546706697	4.1165214928643706e-5	0.003945193683640224	ghko_vs_wt
Rbm24	311.549631549464	-0.36863916598410246	0.0898958866478976	-4.1007345244614015	4.118408134937691e-5	0.003945193683640224	ghko_vs_wt
Anks1	1215.6872529840552	-0.34308756679689845	0.08362936024518118	-4.102477476702538	4.08749656365499e-5	0.003945193683640224	ghko_vs_wt
Nktr	3405.4079016627124	-0.2922562388012106	0.0712707116009627	-4.100649933699595	4.119913996982376e-5	0.003945193683640224	ghko_vs_wt
Crtac1	1367.3726256137193	0.43862203071764416	0.10729797365672089	4.087887364219296	4.3531940864506524e-5	0.004049659941283998	ghko_vs_wt
Hook3	1066.7343098583226	-0.35060307488956094	0.08577100779949737	-4.087664163969582	4.35738321557658e-5	0.004049659941283998	ghko_vs_wt
Mcl1	1273.145526462625	-0.28379869360761295	0.06938030550459312	-4.0904791575013295	4.304828977458421e-5	0.004049659941283998	ghko_vs_wt
Foxn3	121.05676971208268	-0.5152393647077439	0.12617762212496664	-4.08344487739236	4.437295847536209e-5	0.004068462548025306	ghko_vs_wt
Cdh19	147.21936054124777	-0.490167066915952	0.12015119913084564	-4.079585309690968	4.511611105341796e-5	0.004068462548025306	ghko_vs_wt
Fat1	1046.814183313545	-0.30102496787295274	0.07378995021297247	-4.079484631770788	4.513565347672263e-5	0.004068462548025306	ghko_vs_wt
Dnajc3	904.641445453078	-0.2864101893835116	0.07013326388637592	-4.083799519833121	4.430525828777566e-5	0.004068462548025306	ghko_vs_wt
Fdft1	1759.5741288581219	0.2508954883688094	0.06147334379271255	4.081370442688563	4.477093162809928e-5	0.004068462548025306	ghko_vs_wt
Midn	1725.7273231727113	-0.47871427143528256	0.11753808080155823	-4.072844036338359	4.644252536633425e-5	0.00416119465303269	ghko_vs_wt
Tmem163	270.7890427163505	0.47641594756667893	0.11724572687380012	4.0633971085315475	4.836364630865029e-5	0.004307531188787704	ghko_vs_wt
Pcsk5	252.9518502597038	0.5151619991898568	0.12693312776507884	4.05853072606303	4.938243675313908e-5	0.004346525889042471	ghko_vs_wt
Lrrtm4	404.4081264231365	0.43613111670442717	0.10745960952579256	4.058558547058061	4.9376554954559936e-5	0.004346525889042471	ghko_vs_wt
Dusp5	170.68003397490594	-0.5507089215017994	0.13597358257782147	-4.050117023184363	5.1192026376177874e-5	0.0044794519922032134	ghko_vs_wt
9330133O14Rik	151.5700050343052	0.43294266823775174	0.10705533450461134	4.044101774480962	5.252410096070957e-5	0.004569291410901728	ghko_vs_wt
Slc5a5	510.54194702649636	0.4039840711581112	0.09997212499875618	4.040967131219201	5.323121960171254e-5	0.004604038953181645	ghko_vs_wt
Kcnq3	298.11623807396694	-0.5546851367437772	0.13755804786294934	-4.032371390559542	5.52168341448321e-5	0.004748330398328291	ghko_vs_wt
Col12a1	385.99401421676	-0.5448425760142994	0.13529393910889362	-4.027102615260345	5.646839235186943e-5	0.0048170434598686605	ghko_vs_wt
Gbp7	100.42833688805733	-0.5051561269515552	0.12550544585263054	-4.024973765239745	5.698166760654634e-5	0.0048170434598686605	ghko_vs_wt
Creb3	831.2814923342846	0.2612706607570854	0.06489339588568606	4.026151770780045	5.669710164619896e-5	0.0048170434598686605	ghko_vs_wt
Ryr2	4835.390373664167	-0.38711965951841676	0.09637815550920452	-4.016674291732479	5.902521374489874e-5	0.004948316601667507	ghko_vs_wt
Flnb	3251.560335612462	-0.3706173538881772	0.09228535079545562	-4.015993336901607	5.919592806913612e-5	0.004948316601667507	ghko_vs_wt
Prr36	1131.0699302132525	0.4461347228440018	0.11113780883156826	4.0142479641660795	5.9635627921468674e-5	0.004957377225494088	ghko_vs_wt
Gramd3	302.5996321974671	-0.4099023940447724	0.10224357869520093	-4.0090771398635745	6.095650324536117e-5	0.004988130411350702	ghko_vs_wt
Mcf2l	4577.266715518933	-0.1954746723933069	0.04876033828661392	-4.008886715352633	6.100567167527758e-5	0.004988130411350702	ghko_vs_wt
Ubap2l	2449.5864560511404	0.18016662731985492	0.04493162364387451	4.0097956118355595	6.0771328320100075e-5	0.004988130411350702	ghko_vs_wt
Rheb	1466.7583545290247	0.2090413259235642	0.05221684983820461	4.0033308514643196	6.24568609585202e-5	0.005079032665882271	ghko_vs_wt
Lcmt2	136.3420373677437	0.47409744059451364	0.11851351075285789	4.000366182579576	6.324454281981187e-5	0.005115286995745107	ghko_vs_wt
Flt1	1496.0752015272476	-0.35914589351062387	0.0899155883347206	-3.9942561702834443	6.489766824029518e-5	0.0052207731713953594	ghko_vs_wt
Terf2ip	1073.1631632686301	0.3055329816396823	0.07663102106658513	3.9870665611280702	6.689526295626076e-5	0.005352694222537592	ghko_vs_wt
Dgkh	66.44884966958435	-0.5485249277863729	0.1378599609682777	-3.9788559632088627	6.924767503557922e-5	0.005453436639775641	ghko_vs_wt
Ubn2	795.6442635422075	-0.369440771436605	0.09282135492424189	-3.9801268979334754	6.887849042661069e-5	0.005453436639775641	ghko_vs_wt
Ptpn2	454.14711092003506	-0.2899829369199514	0.07286631070457242	-3.979657184726312	6.901471653179496e-5	0.005453436639775641	ghko_vs_wt
Wnk1	4032.4414570334025	-0.3932917670098684	0.09895193017918587	-3.974573980494174	7.050534454639363e-5	0.005505583594230777	ghko_vs_wt
Smpdl3a	346.44980938820134	-0.32954895764982006	0.08292416291934483	-3.9741005039791815	7.064572947218533e-5	0.005505583594230777	ghko_vs_wt
Pddc1	513.7665331256342	0.3040020961773252	0.07660252337145611	3.9685650393418177	7.230672361058835e-5	0.005605831634120381	ghko_vs_wt
Ccnt2	932.2022065490748	-0.2928692904349992	0.0738329976354352	-3.9666449936259984	7.289143927331091e-5	0.005622034050755419	ghko_vs_wt
9330159F19Rik	1419.4495605858951	-0.2661126897238607	0.06716583755345563	-3.962024437081845	7.431693169246811e-5	0.00570258589186872	ghko_vs_wt
Sesn3	400.57584787437594	-0.528300142704895	0.13370196999494607	-3.95132654159744	7.771919328136447e-5	0.005903108066340389	ghko_vs_wt
Zfp106	5645.250967744489	-0.2915685986859859	0.07377764142680437	-3.9519913221304908	7.750355184763582e-5	0.005903108066340389	ghko_vs_wt
Plekhh2	298.36688778965953	-0.471304688343826	0.11931716944689832	-3.950015664372414	7.814607873543178e-5	0.005905554424839726	ghko_vs_wt
Ptpn4	111.82180772202695	-0.5418488843076897	0.1378769995919281	-3.9299439784111163	8.49656552267957e-5	0.006367588011287898	ghko_vs_wt
2900011O08Rik	4934.150075411384	0.1994761907766672	0.050763336943050484	3.9295326664685613	8.511111423227826e-5	0.006367588011287898	ghko_vs_wt
Lonrf3	353.0402085550771	-0.44044632952710405	0.11218694918820955	-3.9260032714517688	8.636898104246508e-5	0.0064295475787980345	ghko_vs_wt
Evpl	217.23119265563457	0.3672976043015368	0.09371372588679311	3.9193576055788784	8.87852978110665e-5	0.006576705005678158	ghko_vs_wt
Fryl	1801.6607040775637	-0.2587131538222907	0.0660483319443169	-3.91702782199561	8.964740599018542e-5	0.0066078528858677064	ghko_vs_wt
Tkfc	261.62060210279344	0.3245658216520721	0.08289954395175102	3.9151701707909887	9.034046731588786e-5	0.006626296139449166	ghko_vs_wt
Otub2	613.4054120144909	-0.3736457706324711	0.09555053498281466	-3.9104518954255316	9.212360660041845e-5	0.006659157128319136	ghko_vs_wt
H2-Q10	7.979055271251459	0.3138583495261156	0.08024150492704583	3.911421524452589	9.175447062848572e-5	0.006659157128319136	ghko_vs_wt
Sez6l	5417.912449170442	0.238584251106022	0.06097753464106001	3.912658202900978	9.12856963902254e-5	0.006659157128319136	ghko_vs_wt
Gdi1	10799.577111489823	0.243268596947267	0.06227867512061794	3.906129930929289	9.378609605233332e-5	0.006746737284764728	ghko_vs_wt
Apoc1	12.180481566815079	0.4388388624910849	0.11270380888768153	3.8937358623648946	9.871213196292343e-5	0.007067127418953221	ghko_vs_wt
Nin	1173.5386486703474	-0.33102303641820846	0.08508489254971509	-3.890503078731536	1.00036607649606e-4	0.007094065214507368	ghko_vs_wt
Unc119b	705.1597249980057	-0.3269151450616198	0.08401629173158623	-3.8910922908385737	9.979396323639262e-5	0.007094065214507368	ghko_vs_wt
Rps4l	340.45428135734426	0.525410992747129	0.13541326181463786	3.880055658553919	1.0443256448657176e-4	0.0073708701057196855	ghko_vs_wt
Chgb	10957.939931822102	0.20574383020167705	0.053044734963638346	3.8786852331850175	1.0502254172456748e-4	0.007377710290256822	ghko_vs_wt
Lrrc29	27.499651508431704	0.5265213542057522	0.13582500821113708	3.876468414323863	1.0598356083045123e-4	0.007410430003299261	ghko_vs_wt
Tubg2	969.2243544549274	-0.22302174035964864	0.05758008239845943	-3.873244550369307	1.0739596627800525e-4	0.007474259736826942	ghko_vs_wt
LOC432842	156.43388230412452	0.3967323553074943	0.10254724460218997	3.8687763561715607	1.093829125817646e-4	0.007577298708152517	ghko_vs_wt
Nxph1	420.70202322064034	0.3123685322392937	0.08078331270672176	3.8667457643551466	1.102973061510429e-4	0.00760543129925371	ghko_vs_wt
Lnpep	43.5288559135277	-0.5319742699577772	0.13762650051884687	-3.865347647090158	1.1093107753521643e-4	0.007614044555777264	ghko_vs_wt
Sf3b2	5369.634595103273	0.163849959477103	0.04243487192255723	3.8612101805356174	1.1282679150540341e-4	0.007708800371211649	ghko_vs_wt
Fos	940.0249214280709	-0.49843970922826464	0.12942954425053957	-3.8510504855322996	1.1761224802178076e-4	0.007999236668863208	ghko_vs_wt
Col19a1	616.8112206699732	-0.4388728458605637	0.11403635540237292	-3.8485344810610407	1.1882657331156838e-4	0.008009018092166656	ghko_vs_wt
Prkd3	348.1681877092499	-0.40498467394949084	0.10520754103142572	-3.84938826607991	1.184131831095242e-4	0.008009018092166656	ghko_vs_wt
Cdc42ep3	206.1867014133554	-0.4122776359359481	0.10739877438540031	-3.8387555006586065	1.2365949226863948e-4	0.00828476878884935	ghko_vs_wt
Fyco1	1399.2823476960148	-0.2919995678347167	0.07608057759335232	-3.838030376102595	1.240251425985601e-4	0.00828476878884935	ghko_vs_wt
D830031N03Rik	63.16327728288386	-0.5125108449415476	0.1336418911025231	-3.8349565447886094	1.2558649607728937e-4	0.008351781070242136	ghko_vs_wt
Eftud2	2196.445123479843	0.20211544969196002	0.05276414513141208	3.8305453293819145	1.2785957532022242e-4	0.00846532223679862	ghko_vs_wt
Gng2	2235.3689039344986	0.2835207156898806	0.07418489502891601	3.8218119143980593	1.324747158628346e-4	0.00873224305487046	ghko_vs_wt
Irs2	1196.9012175106006	-0.4666091526307835	0.12217059536791827	-3.8193245373453752	1.338176077455429e-4	0.008764796166822655	ghko_vs_wt
Znrf1	3501.3470069445384	-0.25999237053305085	0.06808345254651733	-3.8187307019339785	1.3414010039446554e-4	0.008764796166822655	ghko_vs_wt
Lcor	16.993684307962592	-0.40298920126222637	0.10564295084128918	-3.814634086354234	1.363848687395189e-4	0.008834315112335157	ghko_vs_wt
Ndnl2	364.78840829604496	0.34840755979383364	0.09131893166574592	3.815282914928391	1.3602699561362009e-4	0.008834315112335157	ghko_vs_wt
Rbbp7	1860.3787239314952	0.18727781975102162	0.04918111230530149	3.80792159779668	1.401396862311515e-4	0.009038405711537585	ghko_vs_wt
Fam178a	1138.873764648538	-0.30785401277703023	0.08096931000165629	-3.8021074005784765	1.4347050437944018e-4	0.009213515695405853	ghko_vs_wt
Lrrc9	18.00179471792059	-0.5136047376064881	0.13532955926641466	-3.795214736459662	1.4751572151490934e-4	0.009317972032572735	ghko_vs_wt
Aloxe3	141.3113342767375	0.4721101026689937	0.1243665046309272	3.7961194139052	1.4697872125574198e-4	0.009317972032572735	ghko_vs_wt
Kcnj10	3431.1082307561733	-0.39193920649896324	0.1032752521840225	-3.7950931923224034	1.4758800853570395e-4	0.009317972032572735	ghko_vs_wt
Eaf1	387.85289827314864	-0.28994408279000455	0.07638961404143925	-3.795595598018311	1.472894241832117e-4	0.009317972032572735	ghko_vs_wt
Pfkfb3	811.2867203352498	-0.48655699244134926	0.1284486586179262	-3.787949190568236	1.518959018151254e-4	0.009355292436696977	ghko_vs_wt
Gadd45a	164.4984962242324	-0.4765344112551923	0.12575947099468052	-3.7892526700859706	1.511011666869651e-4	0.009355292436696977	ghko_vs_wt
Arid5a	315.8684951309055	-0.4662163318635034	0.12298278053572757	-3.7909073923406984	1.5009791611285652e-4	0.009355292436696977	ghko_vs_wt
Dst	9393.546946085848	-0.32325903615299423	0.08525594402920475	-3.7916304820020597	1.496614820225002e-4	0.009355292436696977	ghko_vs_wt
Wdr83os	513.5838376241815	0.30358894212344856	0.0801471886505151	3.7878925915575135	1.5193049937294427e-4	0.009355292436696977	ghko_vs_wt
Ankrd45	1064.5702531994975	-0.20771254431766728	0.05478650576771533	-3.7913084875011034	1.498556799773875e-4	0.009355292436696977	ghko_vs_wt
Tbc1d2	205.24965181811683	-0.5089994845175617	0.13446072653309757	-3.7854881320477713	1.5340715575962735e-4	0.009407505211603705	ghko_vs_wt
Megf10	572.0834227086062	-0.4239650976121678	0.11213769958293898	-3.7807543688605443	1.5635387857783735e-4	0.009460804834077104	ghko_vs_wt
Mgll	6802.402855108711	-0.3470993910116098	0.09178137469437798	-3.7818064086249863	1.556944260141156e-4	0.009460804834077104	ghko_vs_wt
Spag1	306.00759372401023	-0.3407807028783678	0.09015275672378506	-3.780036410006522	1.5680542664245952e-4	0.009460804834077104	ghko_vs_wt
Enpp4	445.6709685169247	-0.3329477215267025	0.08803350945552352	-3.782056668942808	1.555379406436072e-4	0.009460804834077104	ghko_vs_wt
Slc15a2	409.221333387105	-0.35548502692202855	0.09412921148320415	-3.776564376994268	1.590064754284193e-4	0.009555075870825052	ghko_vs_wt
Ube3a	296.31473376026315	-0.3421415048491783	0.09070657733375279	-3.7719591556219396	1.6197077398796969e-4	0.009646052750588184	ghko_vs_wt
Prr14l	967.2200248812454	-0.2794350075325061	0.07408128954208597	-3.772005175122628	1.619408965254519e-4	0.009646052750588184	ghko_vs_wt
Actb	14775.317625071324	0.16677920494538215	0.044224259303930584	3.7712153367950036	1.624544070806805e-4	0.009646052750588184	ghko_vs_wt
Prdm2	1924.3255362092286	-0.2324243193992088	0.06169265990613939	-3.7674549898290075	1.6492026343539393e-4	0.009753762457643476	ghko_vs_wt
Wbp11	1645.7526962587604	0.29550745513730414	0.07850491177648343	3.7641906531742007	1.670893704978778e-4	0.009843142719526557	ghko_vs_wt
Pspc1	748.8456299984935	0.2571226526686188	0.06842671814904322	3.757635315909331	1.7152661595053355e-4	0.010064912762618955	ghko_vs_wt
Zfp568	93.31734319648265	-0.4542509172051389	0.12147381695932384	-3.739496531645558	1.8438919212489295e-4	0.010777404225643645	ghko_vs_wt
Ago2	684.8428261469578	-0.4293620129701536	0.11494435720321686	-3.73539009149496	1.8742442543395366e-4	0.010912185516607971	ghko_vs_wt
Vps13c	782.8463274609896	-0.40975630469177643	0.10986444140915891	-3.729653557020833	1.9174322442063786e-4	0.010992543551747143	ghko_vs_wt
Gpt	538.0785921535071	-0.3830900137055104	0.10263758570933161	-3.7324534775244675	1.8962372699390777e-4	0.010992543551747143	ghko_vs_wt
Bean1	389.1513752869773	-0.32881997889326153	0.08815590060646673	-3.7299826401993643	1.9149296376398057e-4	0.010992543551747143	ghko_vs_wt
Rock1	354.6081679551149	-0.326302592634785	0.08747075869366237	-3.7304191424422504	1.9116148683954187e-4	0.010992543551747143	ghko_vs_wt
Gm9776	55.19291763758749	0.5038277961747517	0.13554257678596587	3.71711832637166	2.015080806467361e-4	0.01148688825794781	ghko_vs_wt
Actr3b	1639.2450616082074	0.22099130962361913	0.059460205621214665	3.7166253852437428	2.019014644015421e-4	0.01148688825794781	ghko_vs_wt
Hspb1	151.1669449923625	-0.5030580654316587	0.13543461367979287	-3.714398053521498	2.036879623261102e-4	0.011544632501081769	ghko_vs_wt
Fam208b	417.19640947627425	-0.3770527587703187	0.10169272767137368	-3.70776521983743	2.0909637691511252e-4	0.011806449387852183	ghko_vs_wt
Itsn1	3887.4799579232845	-0.18537700346903793	0.0500744924878114	-3.7020246089196096	2.138858666271716e-4	0.012031482038881085	ghko_vs_wt
Mycl	210.91582067318316	0.46648912692777655	0.1263529306728928	3.6919533598745016	2.225382811918345e-4	0.012471311990537153	ghko_vs_wt
Spag7	725.6810452859125	0.3187966778724736	0.08638951876272626	3.6902240276169023	2.240566444981928e-4	0.012509550640397235	ghko_vs_wt
2610524H06Rik	147.37773832049425	0.41404229431260037	0.11247866885455197	3.681073918540104	2.3225365446135645e-4	0.012919001604852329	ghko_vs_wt
Tceal3	1768.9821169406396	0.19355922046731386	0.052623044744874815	3.6782216119519657	2.3486585330406262e-4	0.013015917640698848	ghko_vs_wt
Egfr	183.67249948613198	-0.3980507335723565	0.10826440053098228	-3.6766539289010827	2.3631328348731914e-4	0.013019308559087991	ghko_vs_wt
Itpkc	220.7960644098683	-0.35305067251655936	0.09605944875502036	-3.675335191824197	2.375373412170702e-4	0.013019308559087991	ghko_vs_wt
Ttbk1	4182.131857352504	-0.2725034455822613	0.07412760570519958	-3.6761398535653353	2.3678974494595697e-4	0.013019308559087991	ghko_vs_wt
Cbln1	221.46179634744806	0.5056809353237849	0.13786927199466864	3.6678291544423285	2.4461853904641595e-4	0.013314206721435932	ghko_vs_wt
Shank3	7513.664377252405	-0.24348307850585643	0.06638492125315534	-3.6677467399162342	2.44697376755656e-4	0.013314206721435932	ghko_vs_wt
Bfsp2	120.07413082997553	-0.5040717292071806	0.13754781197211305	-3.664701909684888	2.476268232011677e-4	0.013424783172315479	ghko_vs_wt
Nes	553.4907591750693	-0.4709826169821572	0.1285695294497017	-3.6632522417872933	2.490330857388199e-4	0.013452281811949324	ghko_vs_wt
Zfhx4	159.56950985213837	-0.4530022506818385	0.12385934797679449	-3.657392502717762	2.5479406116203206e-4	0.013603936859793888	ghko_vs_wt
P4ha1	914.3632222249969	-0.3208711290977443	0.0877486848005364	-3.6567058506588905	2.554772610841464e-4	0.013603936859793888	ghko_vs_wt
Ahctf1	902.59516427617325	-0.30928274699291003	0.08456061413599715	-3.6575272087723576	2.546602335266745e-4	0.013603936859793888	ghko_vs_wt
Polr2a	2144.1640939271438	0.26330703800232896	0.07200301671841158	3.6568889749726257	2.552948896386302e-4	0.013603936859793888	ghko_vs_wt
Slc19a3	66.38639261455138	-0.4603542438973776	0.12592642071003038	-3.6557399257573686	2.5644123823559596e-4	0.013606844850068163	ghko_vs_wt
Msh3	309.7436051157747	0.3108120588268304	0.08508750678845343	3.6528518763580493	2.593438480822349e-4	0.013663950700191833	ghko_vs_wt
Smyd2	1104.3436097718838	0.25880406169905296	0.07083335678609547	3.653703190724063	2.5848505552563257e-4	0.013663950700191833	ghko_vs_wt
Mtf1	665.3188464846737	-0.25562765061268355	0.07004450343538081	-3.6495033596535023	2.627478036619999e-4	0.01379472065331405	ghko_vs_wt
Rab43	591.2082070946543	-0.22728016329912604	0.06229323483863117	-3.648552910888137	2.637215934739523e-4	0.013797434276750868	ghko_vs_wt
Aoc2	121.96115970619483	-0.4287751441576359	0.11759532475435742	-3.646192100351744	2.661550402867845e-4	0.013842845580048533	ghko_vs_wt
Pde7a	529.8552654688499	-0.2852687601365284	0.07824334764755243	-3.645917112615414	2.6643985344208896e-4	0.013842845580048533	ghko_vs_wt
Nadk2	727.9423627311942	-0.26809087708355217	0.07355059044188565	-3.644986062965438	2.6740629259092825e-4	0.01384498393092754	ghko_vs_wt
Arhgap27	379.24255281607947	-0.2970823181515471	0.08165198731775913	-3.638396662599446	2.743406644357138e-4	0.014155032282591674	ghko_vs_wt
Son	4936.99584091818	-0.3190025632294671	0.0879717720949475	-3.6261923072911295	2.876311826778314e-4	0.014789777960166292	ghko_vs_wt
Siah2	321.68115140398567	-0.38761957875370695	0.10708795310146055	-3.6196375738590927	2.9501593036534177e-4	0.014887623284523113	ghko_vs_wt
Dixdc1	1516.029926350246	-0.32473032151707804	0.08971674362600549	-3.6195063306215567	2.9516559032018283e-4	0.014887623284523113	ghko_vs_wt
Adgrb3	1385.8555489222877	0.3127726290343968	0.08645889710349045	3.6175875417426506	2.973617692752543e-4	0.014887623284523113	ghko_vs_wt
Sh2b3	730.5117990412349	-0.24223353909093445	0.0669031764576233	-3.620658269407672	2.938544292077709e-4	0.014887623284523113	ghko_vs_wt
Timm44	991.5685116148607	0.21789226918018587	0.060230129155657626	3.6176623267247052	2.972758871313278e-4	0.014887623284523113	ghko_vs_wt
Usp31	1544.8066941661218	-0.20787900067445314	0.0573954288275103	-3.621873813316894	2.9247678845117166e-4	0.014887623284523113	ghko_vs_wt
Rusc1	4309.622755830427	0.2006070406612698	0.055455026497011166	3.6174726320269963	2.974937754509397e-4	0.014887623284523113	ghko_vs_wt
Whsc1l1	1878.9562940814808	-0.18672318865501053	0.05157956239902079	-3.6201002872128933	2.944888535733495e-4	0.014887623284523113	ghko_vs_wt
Wwtr1	283.2636587873812	-0.3530202064639782	0.09769630541600949	-3.613444796717244	3.021557091381499e-4	0.01507051958611379	ghko_vs_wt
Phc3	1103.526036074879	-0.34764619526412743	0.0962462643321872	-3.612048713540206	3.0378748014408044e-4	0.015101568323574338	ghko_vs_wt
Itpr1	15596.467697109809	-0.41239657100014027	0.11429884416365411	-3.60805547963081	3.085005301450856e-4	0.01524350035707566	ghko_vs_wt
Tspan4	185.01490979904983	0.40482112533459197	0.11220394849537663	3.607904452233004	3.086801181710837e-4	0.01524350035707566	ghko_vs_wt
Slc37a1	147.9435625382605	0.41520712310817304	0.11515732960170688	3.6055640100742554	3.114757010499263e-4	0.015280691523967369	ghko_vs_wt
E2f6	605.2048154539688	-0.25769402667030616	0.07146688942477736	-3.605782044586432	3.1121426797500805e-4	0.015280691523967369	ghko_vs_wt
Supt6	4564.631825771384	0.15109273723562633	0.04191939762479445	3.6043632732512867	3.129191258245957e-4	0.01530133620821381	ghko_vs_wt
Utrn	1340.485459888341	-0.3317227979323989	0.09210956001284593	-3.601393795455495	3.165157208532832e-4	0.015426790655139012	ghko_vs_wt
Slc6a15	709.753766246499	0.3629937367353101	0.10084640949749546	3.5994711020854453	3.1886506419462037e-4	0.01549083751800034	ghko_vs_wt
Serac1	678.7827658171186	-0.21183281889373962	0.05889785222088211	-3.596613643895061	3.223867719036999e-4	0.01561124034949858	ghko_vs_wt
Klf12	322.8461735415999	-0.4837146829034209	0.13463110394298983	-3.5928895235699185	3.27031263949174e-4	0.01568496194345266	ghko_vs_wt
Erbb3	196.49597934482108	-0.46393432290075676	0.12915630163283942	-3.592037841247665	3.2810219129189886e-4	0.01568496194345266	ghko_vs_wt
Mex3b	376.69905480021885	0.4118043597734764	0.11463722870308474	3.5922393138102375	3.2784855853733254e-4	0.01568496194345266	ghko_vs_wt
Nwd1	1973.7704461928463	-0.2642960237387691	0.07357067797285143	-3.592409789077897	3.2763409144137833e-4	0.01568496194345266	ghko_vs_wt
Hmbox1	376.6552075886598	-0.4014188359365827	0.11198495137201007	-3.5845783832426146	3.3762316062346776e-4	0.016088639167424104	ghko_vs_wt
Psmb6	1550.030171566889	0.174815834712915	0.048780148484099686	3.58374954044877	3.38696874807097e-4	0.016088639167424104	ghko_vs_wt
Epha2	61.61210139190452	-0.46553859111079443	0.1301116161682733	-3.57799407017367	3.462413049070693e-4	0.016394964067482528	ghko_vs_wt
1700084C01Rik	206.31126625490754	-0.3860225265273859	0.1080006219605074	-3.574262069236442	3.512170210882332e-4	0.016474170177251515	ghko_vs_wt
Csmd1	1538.4453238937326	-0.29235514163787774	0.08178179017273848	-3.5748195413718484	3.504695425337482e-4	0.016474170177251515	ghko_vs_wt
Mchr1	393.3829260462416	0.2873377448380874	0.08038075220552567	3.5747083344454538	3.5061853384553947e-4	0.016474170177251515	ghko_vs_wt
Fam208a	507.39771230911015	-0.25041059564161317	0.07007622766499043	-3.573402906885019	3.523719370577831e-4	0.016476691544361276	ghko_vs_wt
9330117O12Rik	22.624200843436338	-0.4774704997370366	0.1337591964742996	-3.569627452335791	3.574892595678729e-4	0.016663899660168482	ghko_vs_wt
Ccdc115	292.83753369286774	0.316123509864262	0.08858582631162268	3.5685563145532893	3.5895370625464647e-4	0.016667886265648926	ghko_vs_wt
Klc1	18777.844244374224	0.15938104085589636	0.04467036006385372	3.567937232385642	3.5980266415856473e-4	0.016667886265648926	ghko_vs_wt
Atp7a	135.87501619902	-0.45320100532855057	0.12716024756611702	-3.564014808109811	3.6522533705900717e-4	0.016699755622779016	ghko_vs_wt
Trim36	93.49509777413799	-0.4218638464252536	0.11844609436757243	-3.5616526545492353	3.685277330902499e-4	0.016699755622779016	ghko_vs_wt
Kdm7a	606.6889861600781	-0.38356421654007844	0.10757001906966965	-3.565716729041911	3.628631475697947e-4	0.016699755622779016	ghko_vs_wt
E130308A19Rik	156.1827941423034	-0.3793548184618919	0.10650639373678027	-3.561803241591569	3.6831637533489087e-4	0.016699755622779016	ghko_vs_wt
Vwa1	985.9102737727615	-0.3522030542331928	0.09885906387373622	-3.5626784275747347	3.6709024204050015e-4	0.016699755622779016	ghko_vs_wt
Gng4	936.9661587150603	0.3415221934526614	0.09580922674018799	3.564606511007431	3.644024544892207e-4	0.016699755622779016	ghko_vs_wt
Zfp397	425.4748290283653	-0.31990433827390735	0.0898350699851536	-3.561018412149906	3.6941917470693404e-4	0.016699755622779016	ghko_vs_wt
Smad5	514.4048939764982	-0.31031160891649323	0.08708321571050133	-3.5633917096962793	3.6609375937049135e-4	0.016699755622779016	ghko_vs_wt
Dbp	1695.6241779935824	0.34706274336866483	0.09750396643195589	3.559473076522133	3.715996248204876e-4	0.016747726464424566	ghko_vs_wt
Tnr	929.9662356051236	-0.4625410348900729	0.13004644241190697	-3.5567373186959474	3.754892770244861e-4	0.016872210366718876	ghko_vs_wt
Lrrc8d	723.2599670096898	0.27384457769281145	0.0770227666446406	3.5553718675965804	3.7744485843533665e-4	0.016901205345162526	ghko_vs_wt
Sumo3	2128.845742598024	0.20045642541694803	0.05639175193304856	3.5547117893223303	3.783936236469589e-4	0.016901205345162526	ghko_vs_wt
Apold1	160.5402648065397	-0.42059472723122554	0.11843955356123602	-3.5511340138053478	3.83575052179404e-4	0.017009482602967075	ghko_vs_wt
Zfp46	817.9764890719225	0.39463317028245104	0.11114278703295005	3.550686291189151	3.8422810397666725e-4	0.017009482602967075	ghko_vs_wt
Zfp950	642.0150022364442	-0.3066465489214725	0.08634550007010999	-3.551390039694999	3.8320207712559147e-4	0.017009482602967075	ghko_vs_wt
Tbx6	26.608955042506633	-0.4801173934284471	0.13571921475141857	-3.5375786273728704	4.038139335709096e-4	0.01737577379436697	ghko_vs_wt
Prg4	57.156974214020536	0.4114983039340457	0.11625395499571152	3.5396499323332735	4.006581106284906e-4	0.01737577379436697	ghko_vs_wt
Rims4	461.3223607832	-0.3833998531736386	0.10827375287010185	-3.5410230366136006	3.985787765343623e-4	0.01737577379436697	ghko_vs_wt
Shc3	393.1509985586483	-0.37302105087968146	0.10545116541489796	-3.537381966448914	4.041147684581772e-4	0.01737577379436697	ghko_vs_wt
Fahd2a	256.3192991724551	0.35503489528919163	0.10024471446441624	3.541681944889154	3.975845553108764e-4	0.01737577379436697	ghko_vs_wt
Mfap3l	821.6858834248355	-0.28456600754237416	0.08043697027079388	-3.5377514417111025	4.035497498374472e-4	0.01737577379436697	ghko_vs_wt
Dnajc30	629.4061652300411	0.25611767933644675	0.07234232748333476	3.5403571912370064	3.995858243494855e-4	0.01737577379436697	ghko_vs_wt
Msra	538.011996426723	0.2499351762330456	0.07058945442628667	3.5406871786215808	3.990864431490405e-4	0.01737577379436697	ghko_vs_wt
Ran	2149.4440959944836	0.2468428954738172	0.06973853797587934	3.5395478975942027	4.008130287960629e-4	0.01737577379436697	ghko_vs_wt
Zbtb4	3807.5774492354235	-0.21942207993421642	0.06192696134269323	-3.543239893848046	3.952429877615728e-4	0.01737577379436697	ghko_vs_wt
Dusp4	283.67675250129264	-0.44248203112907447	0.12512025158150886	-3.536454135410862	4.0553691027344973e-4	0.01738695927914507	ghko_vs_wt
Ankrd23	78.26663984288915	-0.4547536702869009	0.12867126522298783	-3.5342286368196576	4.089671423426638e-4	0.01748392957392365	ghko_vs_wt
Ptprb	897.3283995872306	-0.4124916910927168	0.11683023590118641	-3.5306929572717567	4.1447257730250494e-4	0.01766881246204382	ghko_vs_wt
Camk2a	79957.5348651519	-0.1954169555265734	0.055453580778773943	-3.523973615088414	4.251265799379369e-4	0.018071502885259515	ghko_vs_wt
Cep85l	97.03503098473016	-0.47963999850886807	0.13618358130580926	-3.522010464916506	4.282872362996829e-4	0.01807618415561021	ghko_vs_wt
Tceal6	1221.078321466328	0.25998291572673565	0.07382406013716333	3.521655612596945	4.288608818580248e-4	0.01807618415561021	ghko_vs_wt
Zc3h11a	2343.4939789631608	-0.2181597804244396	0.06193353763871785	-3.522482143633543	4.275258410632098e-4	0.01807618415561021	ghko_vs_wt
2810454H06Rik	10.202583623874354	0.4087976712798231	0.11619851641800771	3.518097165795399	4.3465318038989835e-4	0.01816645105673758	ghko_vs_wt
Wasf1	4194.140376609466	0.30215537283774674	0.08590115695381569	3.5174773373564574	4.356695509265823e-4	0.01816645105673758	ghko_vs_wt
Srp14	1027.7511765289325	0.2812340941624571	0.07994250122190971	3.5179546532049177	4.348866708303611e-4	0.01816645105673758	ghko_vs_wt
Eif3c	3575.1995041347955	0.20802800915925868	0.05914318926728504	3.517362045173459	4.358588471141343e-4	0.01816645105673758	ghko_vs_wt
Cmbl	104.015895592935	0.4849499142282991	0.13792811139751474	3.5159613897028765	4.3816469938851813e-4	0.01821182888041777	ghko_vs_wt
Syne4	94.60252040822857	-0.4621748073293172	0.13152339616436728	-3.5140121134929374	4.413926838005466e-4	0.018244637369357955	ghko_vs_wt
Ptbp3	266.7594469114166	-0.3097352603503934	0.08813015807327844	-3.514520649025216	4.40548419971745e-4	0.018244637369357955	ghko_vs_wt
Abcc5	4576.267596023552	-0.20620871641997318	0.05870372855306916	-3.512702199717298	4.4357434542025443e-4	0.01828430559372801	ghko_vs_wt
Eif4b	3661.543033633553	0.1684630811194079	0.04797740789860571	3.5113001826908548	4.459205538805831e-4	0.018330519911305396	ghko_vs_wt
Arid3b	228.97261490534595	-0.4694152409802617	0.1340224765578631	-3.502511317775833	4.6089420237342753e-4	0.018653697572258415	ghko_vs_wt
Rbm11	69.453385691694	0.4508880051029004	0.1286721167216958	3.5041624913820573	4.580457757352479e-4	0.018653697572258415	ghko_vs_wt
Prss53	89.64709071573236	-0.42405333025396275	0.12107857608791509	-3.5022986225577832	4.6126232050628974e-4	0.018653697572258415	ghko_vs_wt
Srp54a	130.69890065118258	0.38600075437126147	0.1101807083239442	3.503342465691671	4.594583360973814e-4	0.018653697572258415	ghko_vs_wt
Dpp8	2982.6853414765746	-0.2747649167219584	0.0784175207299664	-3.5038715093801733	4.5854655119310504e-4	0.018653697572258415	ghko_vs_wt
Pik3cd	943.3325644675289	-0.2322513049763159	0.06630104879617539	-3.5029808606845663	4.6008252037660444e-4	0.018653697572258415	ghko_vs_wt
Cep192	167.72932835822408	-0.3735860471694565	0.10676344954983291	-3.4991942349622325	4.666664972781683e-4	0.018821376816100358	ghko_vs_wt
Vapa	1844.9722004646014	0.1861127667442163	0.05323669243152944	3.4959490953271732	4.723788070704006e-4	0.019000548629554852	ghko_vs_wt
Fbxo33	792.6501875901871	-0.3229343872552321	0.09243272647660512	-3.4937234847980747	4.763341098983504e-4	0.019108276907262783	ghko_vs_wt
Wdfy2	129.2911902017673	-0.41740765261386487	0.11951212103689626	-3.4925968093646427	4.783481683453004e-4	0.019108918537760214	ghko_vs_wt
Samd4b	1965.012698197214	-0.27951012741218495	0.08003642507238896	-3.4922865077916954	4.7890426062020185e-4	0.019108918537760214	ghko_vs_wt
Unc80	4787.437548197665	-0.368345742674538	0.10563721772357305	-3.4868936404441224	4.886656549022148e-4	0.019351369336538124	ghko_vs_wt
Mfap3	443.26005475355913	-0.25504968340626666	0.07314747829534814	-3.4867870957417093	4.888603628424387e-4	0.019351369336538124	ghko_vs_wt
Cep83	549.753052128499	-0.2525309392562466	0.07239804116170957	-3.4880907715747296	4.8648289165363954e-4	0.019351369336538124	ghko_vs_wt
Meox1	26.238513844590436	0.4769615449209323	0.13691798585024714	3.483556539040859	4.947985978391266e-4	0.01948334584070224	ghko_vs_wt
Tcp1	2721.342847129482	0.15836549107141693	0.04545367119619076	3.4841078157992382	4.937805341949333e-4	0.01948334584070224	ghko_vs_wt
Slc2a4	27.51437510665592	0.4798793330449232	0.1377871031158475	3.48275943243726	4.96274106213787e-4	0.019490156040096837	ghko_vs_wt
Sox6	393.78342712081707	-0.3025006173697708	0.08697188586436873	-3.4781425556474157	5.04901329420369e-4	0.019725427133464705	ghko_vs_wt
Zfp715	365.8107269384177	-0.278576290806275	0.08008405530456354	-3.4785487541413316	5.041367226342718e-4	0.019725427133464705	ghko_vs_wt
Arl5b	97.41450519863348	-0.47840286423091827	0.13760295210792434	-3.476690411813976	5.076436189620468e-4	0.019780915287836213	ghko_vs_wt
Megf6	156.22882355323532	0.432027641506044	0.12430129023487359	3.4756488906085035	5.096190152835343e-4	0.019806309936850713	ghko_vs_wt
Dusp11	1388.7782178153843	-0.27514362334617304	0.07931117398760883	-3.469165938574558	5.220768862739609e-4	0.020185623900044643	ghko_vs_wt
Bloc1s1	515.6884445836051	0.24451182833377585	0.07047109663796627	3.469675370455995	5.21087761630437e-4	0.020185623900044643	ghko_vs_wt
Inppl1	1141.7131248152334	-0.37270300561432196	0.10755794089593335	-3.4651370462263422	5.299613415248322e-4	0.02043765864236099	ghko_vs_wt
Ranbp2	1474.2076604071044	-0.28635673702887265	0.08267517238606013	-3.4636364069699273	5.329263160815459e-4	0.020499168296987585	ghko_vs_wt
Rbm12b1	133.35814514552052	-0.3954574541336487	0.11427819095424158	-3.46048052416226	5.392122369193538e-4	0.02068777615647254	ghko_vs_wt
Gpam	911.3552767847955	-0.265518968018973	0.07694995054442474	-3.450541113287443	5.594639462674644e-4	0.021409869636828824	ghko_vs_wt
Ust	285.6494124502738	0.4512659200940287	0.13081569140729074	3.4496314260116225	5.613524073904869e-4	0.021427336917815957	ghko_vs_wt
Kdr	419.94726714445227	-0.4025313016221499	0.1167503087677781	-3.447796462986695	5.651797696107038e-4	0.021502643242640018	ghko_vs_wt
Mpp3	1546.4867719092056	0.23469097958993326	0.06807946149218759	3.447309576866513	5.66199387662913e-4	0.021502643242640018	ghko_vs_wt
Bhlhe40	2943.801631146869	-0.4251572202129898	0.12357921390738487	-3.4403619085295314	5.809368037097126e-4	0.02186813108205034	ghko_vs_wt
Ptch1	691.33944530671	-0.3463275638905739	0.10067600477171705	-3.440020933248911	5.816691953923702e-4	0.02186813108205034	ghko_vs_wt
Mettl7a1	637.6340833454029	-0.3099634606519686	0.09006540466848137	-3.4415374226419386	5.7841845643171e-4	0.02186813108205034	ghko_vs_wt
Nvl	856.8557006210418	-0.24990778315522877	0.07261855195489347	-3.4413765687652007	5.787624583268052e-4	0.02186813108205034	ghko_vs_wt
Adcy1	23323.52717408016	-0.39220111669073415	0.11413484004111848	-3.4362961962310443	5.89725856963119e-4	0.022115458640950252	ghko_vs_wt
Adra1a	116.1481643681033	-0.4568618453746889	0.13310798622014047	-3.4322647224119858	5.985629865856521e-4	0.022273135242309547	ghko_vs_wt
Traf3	1447.0154477116823	-0.33004394695192263	0.0961737803541361	-3.431745593618319	5.997098503733292e-4	0.022273135242309547	ghko_vs_wt
Slc52a2	313.3419807561617	0.260818696624756	0.07601562795139374	3.431119411281189	6.010959391013011e-4	0.022273135242309547	ghko_vs_wt
Hnrnpab	2187.6903074148595	0.19059008995313623	0.0555495204704079	3.430994333329422	6.013731629949246e-4	0.022273135242309547	ghko_vs_wt
Scamp5	8781.907137112914	0.1840393469089325	0.05361027438981591	3.4329118625793416	5.971361774810328e-4	0.022273135242309547	ghko_vs_wt
Lyve1	7.744008364007624	0.3901625737530243	0.11380765260287828	3.4282630809938768	6.074564852605065e-4	0.022295295363839084	ghko_vs_wt
Pvrl3	241.24577343589783	-0.34637127496876663	0.10102959829948469	-3.428413858897164	6.071191694822168e-4	0.022295295363839084	ghko_vs_wt
Ttll5	814.7719664446	-0.34184485892122873	0.09966254418535597	-3.4300234026281067	6.035291931101891e-4	0.022295295363839084	ghko_vs_wt
St6galnac6	2550.821625042517	-0.1667573783547218	0.048644954846394715	-3.4280508406532295	6.079315985060714e-4	0.022295295363839084	ghko_vs_wt
Slc12a6	2388.774495275459	-0.2228545958558334	0.06503749342747527	-3.4265557313389303	6.11288305205234e-4	0.022363586578938673	ghko_vs_wt
Dock1	708.9358380817583	-0.32416116816266316	0.09463807266266473	-3.425272293087881	6.141835332042652e-4	0.022414702944720533	ghko_vs_wt
Zfc3h1	932.2226258194924	-0.28025156352692987	0.08189739424770179	-3.4219838872931456	6.216599750778494e-4	0.02263235573501183	ghko_vs_wt
Dll4	102.47200650377194	-0.44794692074573483	0.13094836753212988	-3.4207904167711387	6.243943011789733e-4	0.022676727981895576	ghko_vs_wt
Klf10	597.9271468752535	-0.4278714187616029	0.12517065999336308	-3.4183044076326667	6.301258918537583e-4	0.02275798289333564	ghko_vs_wt
Slmo1	742.005592378015	0.22132804149171825	0.0647566389760989	3.4178432511515684	6.311944730825564e-4	0.02275798289333564	ghko_vs_wt
Atp5a1	15673.00243060541	0.1657313461873395	0.04847515888101916	3.4188922741671086	6.287661410737923e-4	0.02275798289333564	ghko_vs_wt
E130012A19Rik	2870.030825652559	-0.3296160325128267	0.09649399627899052	-3.415922702173269	6.356628802209158e-4	0.022863999222946067	ghko_vs_wt
Klhl36	173.24365254951778	0.3472844734714465	0.10170946323923362	3.414475530704445	6.390493340120892e-4	0.022930683896457773	ghko_vs_wt
Rap2b	898.2776241188699	0.34249310212497597	0.10035040042089463	3.412971953160868	6.425855503846844e-4	0.023002410503363716	ghko_vs_wt
Foxj3	1217.5532727163854	0.20493805569838322	0.06005878317331084	3.4122911732493173	6.441926335375056e-4	0.02300490304444319	ghko_vs_wt
Tmsb10	2218.0053452964444	0.2571858861929669	0.07540507794637609	3.410723696564086	6.479071207825703e-4	0.02308246249588	ghko_vs_wt
Ubl5	1182.9334817110353	0.22500629643199846	0.06600316673507665	3.4090227418197703	6.519604445575028e-4	0.023171696275329962	ghko_vs_wt
Nfil3	256.6011310657493	-0.3998448930408377	0.11733922870144678	-3.407597761343625	6.553742701999622e-4	0.023237832239341314	ghko_vs_wt
Kdm6b	1024.3681502689174	-0.4358385791431926	0.1280799984416044	-3.402862152140834	6.668391527922898e-4	0.02358844974759109	ghko_vs_wt
Chka	1210.6927717376393	-0.20653305920337406	0.06071763292763524	-3.401533446627032	6.700892826168119e-4	0.02364751399951735	ghko_vs_wt
Tmem35	741.0998977604187	0.4251057637664318	0.12500724711618727	3.400648950946977	6.722609949502351e-4	0.023653896682462823	ghko_vs_wt
Pgrmc1	3568.5952398896766	0.399394696997272	0.11746304456005024	3.40017320760906	6.734317975492323e-4	0.023653896682462823	ghko_vs_wt
Nufip2	597.185206008167	-0.2364758596398777	0.0695904984864278	-3.3981055572693943	6.785423340889843e-4	0.023777585351225927	ghko_vs_wt
Negr1	2914.7428694990517	0.3488384132834626	0.10268483998203701	3.397175409188796	6.808530846749322e-4	0.02380281473362386	ghko_vs_wt
B3galt6	245.33130135385179	0.34104927210323643	0.10048665880804346	3.3939756396392107	6.888581990869308e-4	0.02402653900451689	ghko_vs_wt
Stac3	82.42917084328589	-0.4562395354205621	0.13455302173750355	-3.3907788136533235	6.969432372655564e-4	0.024149839625451842	ghko_vs_wt
Usp11	2902.530100682996	0.34955264447167134	0.10309268149488794	3.3906640064358458	6.972352281090152e-4	0.024149839625451842	ghko_vs_wt
no_feature	3735331.6831503725	-0.17529838109126403	0.051693574822000626	-3.3911057939962315	6.961122460907496e-4	0.024149839625451842	ghko_vs_wt
Gpc3	68.01971831577355	0.4627116515704597	0.13655986841206505	3.388342834179087	7.031631392845661e-4	0.02429891467232093	ghko_vs_wt
Parp14	81.03159174404973	-0.4518939537211454	0.13344834557067525	-3.3862836724477705	7.084610853583027e-4	0.02442558345671955	ghko_vs_wt
Sorcs3	1240.0907034339161	0.32209397894305647	0.09516416719169889	3.384614066912704	7.127839595741942e-4	0.02448350499433132	ghko_vs_wt
2010300C02Rik	5787.959246623242	0.25266618237623856	0.0746567481399732	3.38437165656502	7.134136321278122e-4	0.02448350499433132	ghko_vs_wt
Tusc3	2265.0634609005383	0.30578315219447566	0.0903870067197108	3.383043241410861	7.168734407041735e-4	0.024545943462829626	ghko_vs_wt
Cep97	365.9776137050272	-0.36927051335218836	0.10918781146042199	-3.3819755924500807	7.196653855840373e-4	0.024585281197474773	ghko_vs_wt
Dnase1l2	108.43874880578441	-0.42959900887892466	0.12731205704941842	-3.374378034848406	7.398269190227445e-4	0.025159159521221195	ghko_vs_wt
Ttc14	2383.6377983979423	-0.28772010123435693	0.08526606205186912	-3.374380079372386	7.39821423619849e-4	0.025159159521221195	ghko_vs_wt
Pum2	2758.529968861647	-0.1847926480986734	0.05480233288782577	-3.371985066346048	7.462849480193426e-4	0.025321228293000958	ghko_vs_wt
Mat2b	1947.4072240256435	0.22023572743803224	0.06533789876435585	3.370719469144892	7.497216100765173e-4	0.02538028156464916	ghko_vs_wt
Rft1	187.94461722392225	0.32146865266756636	0.09539107588516904	3.3700076205718403	7.516610492865984e-4	0.025388497247122735	ghko_vs_wt
Mamstr	37.971963069723	0.4594622898195682	0.13638654330474823	3.3688242159853337	7.548955618550229e-4	0.025440320477560154	ghko_vs_wt
Rgs7	1470.2764276485198	0.21532417623992503	0.06394038624536129	3.3675770336083364	7.583183784604279e-4	0.025498242464951422	ghko_vs_wt
Dgat2	1189.5228874353659	0.3537800271188383	0.10511522605635834	3.3656401683344757	7.636625665583146e-4	0.02556304917989275	ghko_vs_wt
Sipa1l1	11358.774733685479	-0.24191183220981125	0.0718744469284892	-3.365755738621532	7.633427071769826e-4	0.02556304917989275	ghko_vs_wt
Cbfa2t3	928.5681474109804	-0.296333226169893	0.08807146216171476	-3.3646906602478435	7.662951981453724e-4	0.025593917521984835	ghko_vs_wt
Cyb5r3	1400.0709482566813	0.28513247027761196	0.08476824608170899	3.363670754763167	7.691324003235661e-4	0.025631465715014522	ghko_vs_wt
Drosha	3145.208019219571	0.13711900486697712	0.040773003352630066	3.362985151745812	7.710451085494389e-4	0.025638106576056117	ghko_vs_wt
Mas1	299.6087623947771	0.42005124787490417	0.12502178520632282	3.3598244272523843	7.799201979209795e-4	0.025875711577586735	ghko_vs_wt
B230354K17Rik	223.10909835045368	-0.30229817923361246	0.09002361898468134	-3.357987410893272	7.85121888047258e-4	0.02599066108595381	ghko_vs_wt
Amhr2	27.525113408851126	-0.46212680021899283	0.1377600940148384	-3.354576690178625	7.948651690793939e-4	0.026139708846010926	ghko_vs_wt
Apln	657.5572673316049	-0.44428465352218943	0.1324033637924219	-3.355539019527675	7.921048143705652e-4	0.026139708846010926	ghko_vs_wt
Dennd4c	192.53700297194425	-0.4256400812958078	0.1268711386846843	-3.3549007734033247	7.939345701945522e-4	0.026139708846010926	ghko_vs_wt
Ankrd37	72.39146485087699	0.41473819591752675	0.12366371834151245	3.3537580907293814	7.972202718909357e-4	0.026159664316456294	ghko_vs_wt
Kmt2a	4387.927708650104	-0.3437582488450875	0.10253295187004571	-3.352661194040138	8.00386186494595e-4	0.026206079887349288	ghko_vs_wt
Sertad1	277.0898651293436	-0.4116514912077121	0.12284509561870836	-3.3509802661183388	8.052604060640257e-4	0.026251658257099932	ghko_vs_wt
Nucb2	219.66984318478134	0.390559255666933	0.11655106722655091	3.35097108040862	8.052871175572324e-4	0.026251658257099932	ghko_vs_wt
4930447C04Rik	110.12618328692601	-0.4572027148318295	0.13648536425573532	-3.349829612317697	8.086128451463446e-4	0.026283026506366675	ghko_vs_wt
Slc16a1	538.5167544823273	-0.32698850036686034	0.09762494174989053	-3.349436061171601	8.097624286195974e-4	0.026283026506366675	ghko_vs_wt
Ccdc64	1092.8113507004257	-0.27441585310092736	0.08196324850908046	-3.3480353462384507	8.138663055820596e-4	0.02635905093165445	ghko_vs_wt
Prkar1a	11626.782301723892	0.17101022303843227	0.05108980501465536	3.3472475181570402	8.161829904494085e-4	0.026376989386813172	ghko_vs_wt
Mat2a	2546.360169011976	-0.22119104080552804	0.06611417961644461	-3.3455915522017774	8.21072479142274e-4	0.026477817899581563	ghko_vs_wt
Gaa	7937.6395375593775	0.2631529325895606	0.07870369808852772	3.343590440865436	8.27017320550535e-4	0.026612172403005712	ghko_vs_wt
Trp53inp2	3338.9609473341757	-0.3053403518031287	0.09134905199087962	-3.3425672751766946	8.300723147141273e-4	0.02665315889499461	ghko_vs_wt
Lrch3	777.5542169298257	-0.25706423961399816	0.0769255317837173	-3.341728469771989	8.32584646919301e-4	0.02667658259497538	ghko_vs_wt
Mprip	6030.215529677104	-0.13111782138716727	0.03926183931756975	-3.339574091947643	8.390696505023189e-4	0.026826921325782474	ghko_vs_wt
Stox2	2129.780180499091	-0.2520456407020853	0.07573120947120972	-3.3281607736359207	8.742139961251787e-4	0.027890488034029784	ghko_vs_wt
Mycbp2	6929.561208875485	-0.22846226130353417	0.06865734207162112	-3.3275721781540817	8.760629135864464e-4	0.027890488034029784	ghko_vs_wt
Kif13b	1018.5034810738318	-0.442795297417056	0.13312775795074477	-3.3260929518611997	8.807255291128161e-4	0.027979397223174243	ghko_vs_wt
Acr	42.18377132613558	0.458142405926595	0.13787134886435107	3.3229703611397348	8.906437708323799e-4	0.028174847236712264	ghko_vs_wt
Rnd2	1324.35341300982	0.24350707399784563	0.0732777958398125	3.3230676660930074	8.903331459112358e-4	0.028174847236712264	ghko_vs_wt
Ccdc50	822.7329481849285	-0.2696526357937413	0.08116616000513761	-3.322229803364764	8.930111343017273e-4	0.02819013840201845	ghko_vs_wt
Ddx26b	872.85272801076	-0.27185463745910426	0.08185839321875267	-3.321035592924709	8.968409928855915e-4	0.028251435319046538	ghko_vs_wt
Tnfrsf12a	72.06235358071982	-0.44672212285360124	0.13462715023599328	-3.318217180342333	9.059401463352372e-4	0.02846671614949573	ghko_vs_wt
Sptbn2	36532.516827243664	-0.2151749525083368	0.06485582665189067	-3.317742809189281	9.074800242805228e-4	0.02846671614949573	ghko_vs_wt
Zfp800	103.48172151654313	-0.4262296274626008	0.12850824005821684	-3.3167493949766187	9.107126538605494e-4	0.02850835447639205	ghko_vs_wt
Syp	31182.178238082448	0.24923204963836035	0.07515924044994712	3.3160533308520908	9.129840430868474e-4	0.028519791725905005	ghko_vs_wt
Prom1	239.8993259230338	-0.3553321793735718	0.10718316836179477	-3.3151863749180723	9.158204259638978e-4	0.028537040808928958	ghko_vs_wt
Kcna4	263.9199291913634	0.3422079572436365	0.1032412256765755	3.314644464951179	9.175975147710588e-4	0.028537040808928958	ghko_vs_wt
Psma4	787.7293692866542	0.26377875530879674	0.07959193924509449	3.3141390674816895	9.192577471031048e-4	0.028537040808928958	ghko_vs_wt
Srf	1619.6499703151128	-0.24017211300052904	0.07253249394534284	-3.3112347299337554	9.288525876704816e-4	0.028775199315348686	ghko_vs_wt
Arfgef3	352.7909150151586	-0.4060664028932173	0.12275494603911478	-3.3079433130444116	9.398383138614056e-4	0.0290164528649021	ghko_vs_wt
Pcdhga9	193.59091340756206	0.34800006342626305	0.10520778321455145	3.3077406708264396	9.40518588483427e-4	0.0290164528649021	ghko_vs_wt
Lmo7	1393.2048375213278	0.4061979274182866	0.12289184580248244	3.3053285575281133	9.486512155808726e-4	0.029207136087935386	ghko_vs_wt
Prr5	138.24868904582084	0.41021452442758227	0.12428499487836378	3.300595738279221	9.647979005005436e-4	0.029643266910040315	ghko_vs_wt
Ccdc177	396.59881036487434	0.2813606325028323	0.08534002820744621	3.296936249176006	9.774568501607235e-4	0.02986381958433217	ghko_vs_wt
Actg1	6907.133448465462	0.2508802396711798	0.07608175117395075	3.2975087428991436	9.754663768413363e-4	0.02986381958433217	ghko_vs_wt
Setd8	722.0888880686035	-0.23248453921852572	0.07051844214841678	-3.296790628602184	9.779637503390204e-4	0.02986381958433217	ghko_vs_wt
Fam107a	7560.158432085411	-0.3333177400964639	0.1011215916793038	-3.29620741288908	9.799963447530856e-4	0.02986493952452224	ghko_vs_wt
Zbtb41	236.71935794648553	-0.3233283210836799	0.0981978548566003	-3.292621020651019	9.92581694772733e-4	0.0301869916643992	ghko_vs_wt
Ccdc116	50.301991176567434	0.44876466259013925	0.1364245064532077	3.289472502098157	0.001003753638775258	0.030464839141976032	ghko_vs_wt
Itpr2	523.0382977647591	-0.29247456943643707	0.08893156836266562	-3.2887598275981924	0.0010062985380629194	0.030480253087116323	ghko_vs_wt
Scarf2	125.6165762637407	0.44147469684000484	0.13436658638829163	3.285598813712766	0.00101765840717719	0.030749050470127774	ghko_vs_wt
Pcbp3	1070.8557092793667	0.29304074416989423	0.08921705923155207	3.284581970016995	0.0010213378389128853	0.030749050470127774	ghko_vs_wt
Ric1	782.4183839207545	-0.2603409731715772	0.07925499336667673	-3.2848526271032306	0.0010203572701773895	0.030749050470127774	ghko_vs_wt
Tiam1	2143.820566683831	0.4281613673201816	0.13041415374738854	3.283089718540272	0.0010267598237020056	0.030784171548950242	ghko_vs_wt
Gpr19	279.7206122089261	-0.32305067983410496	0.09841413097751292	-3.282563963379611	0.0010286764535504325	0.030784171548950242	ghko_vs_wt
Slc7a8	1720.1869903134432	0.2486662215843138	0.0757334071298225	3.283441627788503	0.0010254787926252784	0.030784171548950242	ghko_vs_wt
Atf7	701.8686970621926	-0.33724133158916053	0.10280139027631399	-3.2805133343304873	0.0010361836665018687	0.03094143423043412	ghko_vs_wt
Cwc27	310.62964284730884	0.316597965534841	0.09652374090766064	3.2800009879197924	0.0010380672314160215	0.03094143423043412	ghko_vs_wt
Copb2	1455.5539398269657	0.20385465847791084	0.0621725586059216	3.2788526489642456	0.0010423004425792965	0.031005847956886705	ghko_vs_wt
Adam8	150.6304057715517	-0.41863186616766057	0.12770964711404978	-3.2779972040311547	0.0010454643116509376	0.031038258919113052	ghko_vs_wt
Trove2	581.9957279348264	-0.3632878453744065	0.11086707596666888	-3.2767874701018136	0.001049953692052916	0.031089968263640563	ghko_vs_wt
Whsc1	1581.9810012202734	-0.2472012313541861	0.07545360805775421	-3.2762015988018978	0.0010521342934526271	0.031089968263640563	ghko_vs_wt
Hnrnpa0	3182.238889621684	0.19364713032484596	0.05911352551777003	3.2758514845580304	0.0010534394111919912	0.031089968263640563	ghko_vs_wt
Myo9b	2397.228221329616	-0.27465139436078273	0.08388745041340473	-3.2740462728009554	0.001060192486955221	0.0312276775242342	ghko_vs_wt
Slc25a42	874.5244445501863	-0.2660407921261712	0.08135809243088496	-3.269997908962495	0.0010754827937052866	0.031615813442460124	ghko_vs_wt
Frmd6	1030.1066406995717	-0.43695914244879713	0.13369063357309197	-3.2684349738674907	0.0010814402426893239	0.03172860853207912	ghko_vs_wt
Zeb2	1566.7318355877237	-0.30333044159103095	0.09289378520434169	-3.265346986601789	0.0010933005693875902	0.032013809040599826	ghko_vs_wt
Kcnc4	2318.617056427609	0.22759800189938942	0.06973029064288723	3.2639760970594107	0.0010986043347890042	0.03210628254189037	ghko_vs_wt
Nr4a3	766.7524600482345	-0.44762516128406654	0.1372607937127434	-3.261129046221657	0.0011096952487045164	0.03226315230577563	ghko_vs_wt
Nptxr	2383.809340615457	0.41217158854010666	0.1263589314890191	3.2619109997453988	0.001106638818090963	0.03226315230577563	ghko_vs_wt
B3galnt1	704.5294102887078	0.24535722060597184	0.0752739801622166	3.259522348588758	0.001115999877218084	0.03226315230577563	ghko_vs_wt
Huwe1	7803.721009583423	-0.23720810337724646	0.07276482479404614	-3.259928187123947	0.0011144042615087897	0.03226315230577563	ghko_vs_wt
Fgfrl1	479.11959413238156	-0.23677081164923322	0.07264487586061005	-3.2592912967949133	0.0011169092357409462	0.03226315230577563	ghko_vs_wt
Dtna	2282.977894029238	-0.2289066182179704	0.07022841412104303	-3.2594587402107025	0.0011162501545962684	0.03226315230577563	ghko_vs_wt
Apba3	568.693717901036	-0.27820240797370255	0.0854682044893878	-3.255039808496804	0.0011337647280038562	0.032686939547440653	ghko_vs_wt
Nell2	12009.294390035333	0.27059337814047274	0.08315815709349358	3.2539607369635224	0.0011380800819974343	0.03274825435947617	ghko_vs_wt
Brwd3	46.286942629120986	-0.42982796179263316	0.13216143736115468	-3.2522948476873146	0.001144772022541817	0.03287758881630174	ghko_vs_wt
Rrp1	7913.601098357206	0.16143263098119132	0.04971819101677666	3.246953030264482	0.001166476386770377	0.03343675512499071	ghko_vs_wt
Krtcap3	10.979426640249923	-0.40729752696600174	0.12549461800766062	-3.2455378041880563	0.0011722899830335439	0.033517358713388276	ghko_vs_wt
Tspyl3	487.8283863780214	0.3400491837671218	0.104785957516954	3.245178951694009	0.0011737683596748953	0.033517358713388276	ghko_vs_wt
Utp14b	99.64227499563637	-0.4397478961810587	0.13555506720599966	-3.244053544031554	0.0011784159202192631	0.03357617027900154	ghko_vs_wt
Dgki	325.6275642917504	-0.3951868825487528	0.12185641545522644	-3.243053564906116	0.0011825597632181923	0.03357617027900154	ghko_vs_wt
Ndn	2026.1404187760738	0.3678007115920505	0.11339345881514656	3.243579615925089	0.0011803781694269904	0.03357617027900154	ghko_vs_wt
Hpcal1	765.8403616061726	0.38293129785777635	0.11810412918637744	3.242319303277544	0.0011856110598134411	0.03359904978785704	ghko_vs_wt
Kdm4a	1252.9697266567027	0.1831447347896177	0.05652143334585869	3.24027053010036	0.0011941634464626995	0.033777443571685016	ghko_vs_wt
Itgb8	190.57631837078156	-0.44400528973821285	0.1371504967016569	-3.2373582335910625	0.0012064186414586177	0.0340597021361232	ghko_vs_wt
Pcdhgc3	1418.5774896814225	-0.250909375442051	0.07753892121681542	-3.2359152217304477	0.001212533909454903	0.034167881143453316	ghko_vs_wt
Ddit4	814.3331416621793	-0.3029546795777765	0.0936749747481893	-3.2341047370672764	0.0012202469696000707	0.03432059286865763	ghko_vs_wt
Snd1	1944.0620134283392	0.20910808926805102	0.0647424741666003	3.2298439619400097	0.0012385779596294614	0.034770810525207564	ghko_vs_wt
Ambra1	2020.7614207360327	0.1588045458193761	0.049205082788235106	3.227401252484959	0.0012492014981574087	0.035003374563538026	ghko_vs_wt
Atp1a3	62894.013353929055	0.23204201012685857	0.07199760929040831	3.222912710766519	0.0012689421667866306	0.035490059143230564	ghko_vs_wt
Tnpo1	377.33501466990776	-0.4001094619879584	0.12424867991834555	-3.220231090188681	0.0012808729905853852	0.03568718374425448	ghko_vs_wt
Sox8	810.174907706965	-0.3061845625524866	0.09509655571843142	-3.219722946213314	0.001283145415652537	0.03568718374425448	ghko_vs_wt
Hs3st4	1083.6438636785886	0.2889409096253099	0.08971461352446826	3.220667160835573	0.0012789258407100914	0.03568718374425448	ghko_vs_wt
App	40793.29779552337	0.18651345670149772	0.05798506172981478	3.216577703591478	0.0012972939785735782	0.03601374731242384	ghko_vs_wt
Csrnp2	738.7958971079795	-0.20723417415548262	0.06449673108700554	-3.2130957749769595	0.001313124935967877	0.036385719290532116	ghko_vs_wt
Nr2f2	294.8536833161423	0.3929343105228762	0.12247246752885438	3.20834811652914	0.0013349980125465467	0.036923429319286466	ghko_vs_wt
2410089E03Rik	1422.1352784641604	-0.20359798371163115	0.063470451695612	-3.207760119433762	0.00133773026181359	0.036930734146709866	ghko_vs_wt
Atxn7	745.790598409076	-0.2852724369862632	0.08896802074774478	-3.206460417896781	0.0013437879067087113	0.037029647234037656	ghko_vs_wt
Gm14403	126.23630753686633	-0.37465134915249304	0.11692316323242653	-3.204252594567081	0.0013541361601459912	0.03715301327381538	ghko_vs_wt
E430018J23Rik	98.58914528928636	0.360657261473504	0.11256759126763785	3.2039173745489005	0.0013557137771505177	0.03715301327381538	ghko_vs_wt
Nkd1	413.77055180433496	-0.29939595443670525	0.09344006631298175	-3.204149635701936	0.0013546205262714227	0.03715301327381538	ghko_vs_wt
Mgp	186.5258013535143	0.4357467634787422	0.13607979601027562	3.2021415100140085	0.001364099693764834	0.037260518319457654	ghko_vs_wt
C030023E24Rik	241.766982837732	-0.3642765000866039	0.11377928946592585	-3.201606388970252	0.0013666359861781022	0.037260518319457654	ghko_vs_wt
Nrn1	3236.7854213465366	0.2158370099511084	0.0674173146398935	3.2015070772841057	0.0013671071681736451	0.037260518319457654	ghko_vs_wt
Plin4	128.0421597625086	0.34086531290038335	0.10648972609458394	3.200922055125088	0.00136988583472535	0.03726836680908257	ghko_vs_wt
Btbd7	208.83086612805724	-0.3724966832837156	0.11639638972626476	-3.2002425862153867	0.0013731196308157838	0.03728411411575567	ghko_vs_wt
Wbscr17	1309.1539512079137	0.2983796987407454	0.0932508175672822	3.199754238352483	0.0013754481716164626	0.03728411411575567	ghko_vs_wt
Mib1	600.568396057066	-0.4407367151819217	0.13783187595879332	-3.1976399661982824	0.0013855715221340532	0.037414652628242	ghko_vs_wt
Gpr3	188.6561478395717	-0.4392688711700853	0.13741476011734932	-3.196664396131528	0.0013902657796767061	0.037414652628242	ghko_vs_wt
Xrn1	125.86344032398023	-0.43525301849415315	0.13615008875633755	-3.1968618050121753	0.0013893147037532148	0.037414652628242	ghko_vs_wt
Clk4	925.9392617865147	-0.29715599255782477	0.09291444948987555	-3.198167714379069	0.0013830381950085218	0.037414652628242	ghko_vs_wt
Maged1	9810.016364143092	0.1991295133136865	0.062304455736647765	3.1960717890768384	0.0013931244478143296	0.03741668995119377	ghko_vs_wt
Ccsap	1277.0745861872333	0.18524060252725996	0.05796716287897836	3.1956127111826786	0.0013953427115395392	0.03741668995119377	ghko_vs_wt
Plod1	441.9367345656424	-0.3169097872394431	0.0992364170015049	-3.1934827638389764	0.0014056772889269183	0.03760560303921419	ghko_vs_wt
March8	1195.5180581840568	-0.21550320129090492	0.06748972213604452	-3.193126219374523	0.001407414134996989	0.03760560303921419	ghko_vs_wt
Rtp1	18.269227315954986	0.34933189380448226	0.10945915677033145	3.1914360032706512	0.0014156746923909343	0.037691708936379985	ghko_vs_wt
Itch	930.1396495660704	-0.22324116158152413	0.06994247667409181	-3.1917823359580493	0.0014139784355165661	0.037691708936379985	ghko_vs_wt
Sez6	4143.2162955011745	0.39697093451641713	0.12455866557402888	3.187019808593611	0.0014374692972023016	0.03813626435113127	ghko_vs_wt
Prkcz	5318.10065165031	-0.17786402044080415	0.05580807994312924	-3.18706575503144	0.0014372409609339457	0.03813626435113127	ghko_vs_wt
Onecut2	47.21043509791179	-0.4357861457550507	0.13684862548391263	-3.184439333709493	0.0014503470786766787	0.038409811218122376	ghko_vs_wt
Ptgs2	291.0931962062963	-0.4084053142234697	0.12837700645987002	-3.1812964446334484	0.001466175167718755	0.03842097904479112	ghko_vs_wt
Rprm	1248.0846456985262	0.37195920390652826	0.11683254796297288	3.183695043819564	0.0014540811439394574	0.03842097904479112	ghko_vs_wt
Ppp1r3c	804.9106254647552	-0.3593145662855268	0.11294275552145522	-3.181386576116159	0.0014657190428760793	0.03842097904479112	ghko_vs_wt
Wibg	331.757801484884	0.2801345397736295	0.08803796588634505	3.1819742420591206	0.0014627482694608358	0.03842097904479112	ghko_vs_wt
1700003E16Rik	726.8641111450153	-0.20399030503999208	0.0641063799087044	-3.182059341527319	0.0014623185342269535	0.03842097904479112	ghko_vs_wt
Srsf7	1561.1493386047848	-0.17903060397450438	0.056273401874485894	-3.18144270669508	0.0014654350511483314	0.03842097904479112	ghko_vs_wt
Cthrc1	115.0610672709208	-0.36381916918940904	0.11438648073651103	-3.180613363107705	0.0014696362661038942	0.03842187011016966	ghko_vs_wt
Tjp1	1925.7525901536294	-0.26968533685225216	0.08479933049518962	-3.18027672243887	0.001471344755271484	0.03842187011016966	ghko_vs_wt
Slitrk1	1784.2385082824112	0.25235352961629387	0.07942643171653625	3.177198372915888	0.0014870528302004568	0.038698239736009464	ghko_vs_wt
Mllt1	2200.9129050534266	-0.19241434388822642	0.06056118841764361	-3.1771890366697186	0.0014871007049525793	0.038698239736009464	ghko_vs_wt
Scd2	20670.417467391977	-0.24188212997241748	0.07616167800367814	-3.175903371781489	0.0014937069648306965	0.03880266894923908	ghko_vs_wt
Mrpl41	593.6402830621321	0.23283931792121407	0.07333081800133084	3.1751905169936654	0.0014973815394559043	0.03883071052838595	ghko_vs_wt
Sat1	550.320294233823	-0.31047574799727706	0.09782558405203581	-3.173768406351936	0.0015047370289208526	0.03885683436593702	ghko_vs_wt
Chd2	1506.1890018909855	-0.1963234493497033	0.06186357375950579	-3.173490269296587	0.001506179504928388	0.03885683436593702	ghko_vs_wt
Smarcb1	1208.9590965459163	0.17649180860831773	0.05560359904568084	3.1741076411856333	0.0015029794100234895	0.03885683436593702	ghko_vs_wt
Araf	2073.926879225019	0.16870668970947678	0.053178250402248016	3.1724753716670793	0.0015114537843935354	0.03892578825452749	ghko_vs_wt
Eml4	941.3977526975164	-0.2691572527735188	0.08488266371326665	-3.1709331564185015	0.0015195010367485462	0.0389320102960077	ghko_vs_wt
Tubg1	881.1212367454026	0.2690327003086686	0.084824651776357	3.1716334187611195	0.0015158422008828495	0.0389320102960077	ghko_vs_wt
Ift80	427.58301114346625	-0.25907210480269477	0.08169759663642066	-3.171110478997871	0.0015185737667254594	0.0389320102960077	ghko_vs_wt
Tubgcp6	1362.1718618396208	-0.21441350028762593	0.06764082793795166	-3.1698828477426666	0.001525004100542063	0.039006215993864765	ghko_vs_wt
1810030O07Rik	433.0666454789805	-0.23809145389343436	0.0751264486108772	-3.1692094900778027	0.0015285417906307287	0.03902998432287985	ghko_vs_wt
Ankhd1	1334.6247726682057	-0.3093012157234868	0.0976422752671558	-3.1676977505616084	0.001536511727727551	0.03916665243950144	ghko_vs_wt
Rraga	1759.246881684236	0.23526843639790504	0.0742898659095053	3.1668981161507617	0.001540742884504659	0.03920771391299867	ghko_vs_wt
Nov	1934.634330053538	0.4208688833202337	0.13299304223464914	3.164593246747936	0.0015529989024864299	0.039452500132265624	ghko_vs_wt
Ugt8a	517.6858768951175	-0.4315307671097911	0.1366788892689877	-3.1572598330128883	0.0015925936672825975	0.04000625743787976	ghko_vs_wt
Btg2	586.1943647208182	-0.4274945865295541	0.13539322232045697	-3.1574297383788807	0.001591665889263453	0.04000625743787976	ghko_vs_wt
Klhdc9	115.173680491041	0.39335264014563787	0.12465478039448818	3.155535944155661	0.001602035252794531	0.04000625743787976	ghko_vs_wt
Sp3os	128.74449555899483	0.3933148831396392	0.12462786633960161	3.1559144410599598	0.0015999578554175254	0.04000625743787976	ghko_vs_wt
Cyp2e1	13.913916151523157	0.3598407326824072	0.11404902965441743	3.1551406774153956	0.001604207342292846	0.04000625743787976	ghko_vs_wt
Sh2d3c	621.9612492656382	0.2788307010488632	0.08835855391947357	3.1556729787925035	0.0016012828454248704	0.04000625743787976	ghko_vs_wt
4930402H24Rik	2060.3599790418843	-0.25137351159363736	0.07963350999267739	-3.1566298109520994	0.0015960382863643664	0.04000625743787976	ghko_vs_wt
Adrbk1	6831.060056470429	-0.20220647035709385	0.06406874502284779	-3.1560860179949564	0.0015990169647178013	0.04000625743787976	ghko_vs_wt
Txlna	1319.761157914046	-0.18984040456162182	0.06012899527071522	-3.157218970763017	0.0015928168721990414	0.04000625743787976	ghko_vs_wt
Aamp	2995.9580574092956	0.15971883318934116	0.05055603843553511	3.159243448099705	0.0015817929811108883	0.04000625743787976	ghko_vs_wt
Hnrnpk	3867.663173935429	0.15939420778549704	0.05051749018247803	3.15522816374561	0.0016037263495798499	0.04000625743787976	ghko_vs_wt
Fermt1	39.75243611550488	0.3650481945661193	0.11572158900967709	3.154538385534894	0.001607522299541223	0.040022223241323325	ghko_vs_wt
Sdf2l1	278.9733551327818	-0.38515342160902566	0.12226871157100924	-3.1500570886881594	0.0016323856132474898	0.04057373078242889	ghko_vs_wt
Luzp1	1947.7117844785812	-0.3951011361453812	0.1255269392645464	-3.147540587385077	0.001646502458492402	0.04058140932150786	ghko_vs_wt
Necab1	1733.1390637485576	0.35931375568932866	0.11416993971192829	3.1471835458260133	0.0016485144336246692	0.04058140932150786	ghko_vs_wt
Zfp697	363.2077523502122	0.29215946692472067	0.09277888503865518	3.1489866126651127	0.0016383770056472456	0.04058140932150786	ghko_vs_wt
Dzip1	1813.1319396146816	-0.22597801087235778	0.07176723413015876	-3.148762992071266	0.0016396311496166495	0.04058140932150786	ghko_vs_wt
Ivns1abp	2626.051293865941	-0.21452817232370308	0.068161027596265	-3.147372918061149	0.0016474470151399956	0.04058140932150786	ghko_vs_wt
Arhgef25	4283.2017789066995	-0.19604064628614287	0.062292410177887905	-3.147103246227129	0.0016489672436995778	0.04058140932150786	ghko_vs_wt
Trank1	14185.17850720185	-0.25229650639590007	0.0802493597488445	-3.1439067823781963	0.0016670853532711073	0.04095993126600259	ghko_vs_wt
Zdbf2	280.4915736163488	-0.37865463158902724	0.12050782621101576	-3.1421580115965444	0.001677075026318018	0.04100338826600736	ghko_vs_wt
Gpr22	591.1272715862956	0.3540864438842384	0.11266641996766295	3.142785969287626	0.0016734815628881466	0.04100338826600736	ghko_vs_wt
Pofut2	635.4957828948451	-0.2090343600684881	0.06652388790473386	-3.142245088979731	0.0016765763058157863	0.04100338826600736	ghko_vs_wt
Xpnpep1	739.2269068305263	0.2435532480306594	0.077523983398232	3.1416503300604885	0.0016799854020395045	0.04100753926707521	ghko_vs_wt
Setx	1160.9081723140985	-0.18714233097782726	0.0595881995987975	-3.1405938128327646	0.0016860569784054747	0.041088714279936676	ghko_vs_wt
Cep350	757.8481881967617	-0.3169021908110037	0.10094463177253044	-3.139366455118822	0.0016931356801408706	0.04119412875113471	ghko_vs_wt
Sgk1	981.2276897267087	-0.4184683622484937	0.13332869450540602	-3.1386219133160886	0.0016974430850212607	0.04123188454735897	ghko_vs_wt
Lmbrd2	183.65114444962913	-0.4321233060677989	0.1377801868167906	-3.1363239958616322	0.001710800890044003	0.041489001163255136	ghko_vs_wt
Zfp329	458.59715798902005	-0.2852502310530918	0.09097018220810042	-3.1356453744432726	0.0017147641712063678	0.041517825718059675	ghko_vs_wt
Dolk	391.72033564067027	0.21631375246247347	0.06901134235869992	3.1344666698140795	0.001721668111944817	0.04161764129084054	ghko_vs_wt
Fosl2	1233.7217537204085	-0.4315783215074595	0.13774237032996664	-3.13322850821863	0.001728947827791439	0.04165430037700093	ghko_vs_wt
Wnt5a	114.78182958823295	0.4181419929825886	0.13354214168545897	3.13116135255242	0.0017411646826266801	0.04165430037700093	ghko_vs_wt
Kirrel3	1046.870061848891	0.37231023349749126	0.11887320827239806	3.1319944915118474	0.001736231328004117	0.04165430037700093	ghko_vs_wt
Ttbk2	1268.303130140241	-0.3385422203390942	0.10811596939039109	-3.131287840713589	0.0017404148658258607	0.04165430037700093	ghko_vs_wt
Rtn1	19941.236934900928	0.3100139828560055	0.09901711866259681	3.130912988009533	0.0017426378420868673	0.04165430037700093	ghko_vs_wt
Pds5a	503.4771904743878	-0.25507084168729577	0.08146866530261106	-3.1309073340019578	0.001742671391833361	0.04165430037700093	ghko_vs_wt
Rab3a	11340.076500045961	0.21070905132545725	0.06725757411920937	3.132867250787103	0.0017310771527286092	0.04165430037700093	ghko_vs_wt
Hspa2	1073.823687816632	0.3069360293269695	0.0981003568670787	3.1287962564993843	0.001755239693600854	0.04184054958189771	ghko_vs_wt
Slc38a9	409.4676979977215	-0.24401120510854182	0.07799225027548604	-3.1286596328050518	0.0017560559471651248	0.04184054958189771	ghko_vs_wt
Psap	41410.57982299204	0.13116045085547579	0.0419390830439187	3.1274038757147906	0.0017635747868254654	0.04195289274287669	ghko_vs_wt
Itga6	459.7309659556031	-0.3181579688975626	0.10193025891767216	-3.1213299394690535	0.0018003619875530247	0.04276002606310462	ghko_vs_wt
Git1	11500.93358139805	-0.2271328526150934	0.07284662161417682	-3.117960003939162	0.0018210751485900204	0.04318343494192151	ghko_vs_wt
Rundc3b	518.8123778484328	0.26211194247928943	0.08409679568210711	3.116788699894041	0.001828325650506472	0.043286766943873956	ghko_vs_wt
Ston2	398.9807988258767	-0.32221774825519844	0.10344549368701035	-3.1148553385043134	0.0018403514222918008	0.04350265139297348	ghko_vs_wt
Bicd1	322.64495649635205	-0.3317741580763223	0.10660526419113633	-3.112174249495529	0.0018571484576251887	0.04369262951485173	ghko_vs_wt
Ptprn2	7772.296677432892	0.32539489662986404	0.10454359186313279	3.112528380083469	0.0018549217834365511	0.04369262951485173	ghko_vs_wt
Evi5	1190.6138154560758	-0.18247637253272914	0.0586250645090713	-3.1125999444229833	0.0018544721048863854	0.04369262951485173	ghko_vs_wt
Fam126b	965.8501152294382	-0.3012591336481883	0.09683347234392943	-3.1111053477271535	0.0018638843140237088	0.04378226215186304	ghko_vs_wt
Tmem178b	329.1838683462569	-0.38676198762694375	0.12442558989907454	-3.1083797789559076	0.001881161628425177	0.0441188423920469	ghko_vs_wt
Pvr	180.94669348383434	-0.37943123288753866	0.12212480284990809	-3.1069137802732936	0.0018905152832100727	0.0441996565354255	ghko_vs_wt
Smim11	113.78704106745514	-0.3485833200218392	0.11218942577573784	-3.1070960352238837	0.0018893501033689138	0.0441996565354255	ghko_vs_wt
Gda	3482.154999004725	0.3761762249389422	0.12110545503583557	3.106187287993181	0.0018951664056893003	0.044239274459171606	ghko_vs_wt
B3gat2	200.45455327387612	0.427606218516985	0.13773878881868912	3.104472038590811	0.0019061894423098426	0.04426681891629734	ghko_vs_wt
Plxnb3	877.8588520451063	-0.4052588776737173	0.13053044868070446	-3.104707612436364	0.001904672048736626	0.04426681891629734	ghko_vs_wt
Gm608	854.7809748945805	-0.294513793672437	0.09487703098699714	-3.1041632585741437	0.0019081800575427243	0.04426681891629734	ghko_vs_wt
Arfgap1	2644.957081281651	0.15723660104455192	0.050648953027481354	3.1044393150483827	0.0019064003111169527	0.04426681891629734	ghko_vs_wt
Clk3	1523.7790097879536	-0.24433247458184965	0.07873398084548022	-3.10326585748745	0.001913976183828464	0.04433254742821254	ghko_vs_wt
Idua	478.0006789045302	0.22900679930764725	0.07381989354020871	3.102236921852377	0.0019206417581373845	0.044418180258129346	ghko_vs_wt
Eng	856.7285323213911	-0.31941357635278	0.10301820846726412	-3.1005545631700575	0.0019315862242780637	0.044465114882881025	ghko_vs_wt
Tsc22d2	535.3909960516132	-0.2356422764791414	0.07597914759147321	-3.1014072143339817	0.0019260322254161153	0.044465114882881025	ghko_vs_wt
Srsf6	2134.3820310982173	-0.18238171237467435	0.05882052614610568	-3.100647415523828	0.0019309806899109694	0.044465114882881025	ghko_vs_wt
Ankrd12	1056.9365714446317	-0.19376025418375217	0.06250361409502868	-3.0999848087050568	0.0019353056831974593	0.04448230251564299	ghko_vs_wt
Erbb2ip	1422.6930051731151	-0.3955458761549606	0.12762829415523513	-3.0992020913000338	0.001940426125421217	0.044503415248658425	ghko_vs_wt
Vps51	1645.0359051459538	0.15686708775074604	0.050619667844317484	3.0989355408888914	0.0019421727031593901	0.044503415248658425	ghko_vs_wt
Plekhm1	768.3725539706355	-0.2550210853864111	0.08233073546313668	-3.0975198260022343	0.001951473423740306	0.04464707356896382	ghko_vs_wt
Rims1	3015.489475825145	-0.2358947860000241	0.0761669802078966	-3.0970741567560234	0.0019544097565776454	0.04464707356896382	ghko_vs_wt
Rundc1	1192.128231747117	-0.1922623550961302	0.06211791612701509	-3.09511920366104	0.0019673381271770934	0.04487390304413239	ghko_vs_wt
Kif5a	94500.17605107868	-0.3390828737877748	0.10960526853291581	-3.093673126542672	0.0019769516940305602	0.04495612188112351	ghko_vs_wt
Hp1bp3	4892.00876140641	0.13078062936469848	0.042273249619281604	3.0936970907731456	0.0019767920282957514	0.04495612188112351	ghko_vs_wt
Serpinh1	393.3737416331817	-0.3243802669801291	0.10499457173770088	-3.089495595929484	0.002004966790584138	0.04545502740531888	ghko_vs_wt
Slc35b1	645.1750610819083	0.2028033602654923	0.06563863839699251	3.089694808093163	0.0020036226164318873	0.04545502740531888	ghko_vs_wt
Hspa4l	1548.2802180299843	-0.24528456838647647	0.07942104323752401	-3.0884077870005493	0.0020123213363059467	0.0455527445614915	ghko_vs_wt
Itga1	80.1176144265424	-0.4242972710853896	0.13751185262893084	-3.0855323593838526	0.00203188113059783	0.0455916672300022	ghko_vs_wt
Prkx	177.58018833147767	-0.31577068991147506	0.10228790154882289	-3.0870776028263225	0.002021348195519349	0.0455916672300022	ghko_vs_wt
Dcun1d3	259.97069346192154	-0.26980013325233476	0.08743934417777371	-3.0855690397654594	0.002031630521481954	0.0455916672300022	ghko_vs_wt
Kcnn1	458.82669694315615	-0.254224079687351	0.08239085091211612	-3.085586286255549	0.0020315126991511173	0.0455916672300022	ghko_vs_wt
Fam160b1	891.2551471732318	-0.18925784799154463	0.06133846226160487	-3.085467763837496	0.0020323225317390543	0.0455916672300022	ghko_vs_wt
Abhd16a	1920.4466285070657	0.1565590058816592	0.05071794038486529	3.0868565382118294	0.0020228519738822027	0.0455916672300022	ghko_vs_wt
Wdr11	989.5340274980399	0.2458533347323393	0.079711645860618	3.084283759016003	0.002040428801450657	0.045704994245667936	ghko_vs_wt
Mdm4	1562.6267336128135	-0.2393181716750276	0.07762103226542763	-3.083161415023075	0.002048140289915043	0.04580915270253929	ghko_vs_wt
Dleu7	77.4509542380667	0.36735507407343215	0.11919568280669506	3.0819494919894725	0.0020564972836946463	0.045927416202870136	ghko_vs_wt
Daglb	915.1838476353587	0.21672506350812673	0.07036318505861536	3.080091717388661	0.0020693685895896074	0.04614599434579627	ghko_vs_wt
Tnk2	8645.691296103869	-0.2118842515996959	0.06883062249452654	-3.0783428061622584	0.002081553142232426	0.046348630457178255	ghko_vs_wt
Bend3	163.2732362876945	0.35610285101801903	0.11575327712564047	3.0763954149781805	0.0020951979022431413	0.046376399720804914	ghko_vs_wt
Tmem86a	277.45320432509095	0.31265695306019325	0.10162629227745218	3.076536062209193	0.002094209689441722	0.046376399720804914	ghko_vs_wt
Qk	2654.7437708089838	-0.30220290779740216	0.09822154104543737	-3.0767477742749203	0.0020927229683468385	0.046376399720804914	ghko_vs_wt
Lrp6	890.64291079714906	-0.2724112531610393	0.0885278368297226	-3.0771253756601356	0.0020900737133764742	0.046376399720804914	ghko_vs_wt
Rasl11a	55.34572204957407	-0.42116086134822445	0.13697451050201775	-3.0747389408777654	0.002106868812791909	0.0464065798044733	ghko_vs_wt
Fibin	32.34960401706397	0.401928184630464	0.13071956025638817	3.074736358064072	0.002106887056814615	0.0464065798044733	ghko_vs_wt
Ccdc186	242.44057657198545	-0.31391358639323075	0.10210424653533977	-3.074442024157934	0.002108967069908564	0.0464065798044733	ghko_vs_wt
Ccnh	431.9035816110471	0.22982774224472788	0.07473173622824095	3.075370034797566	0.002102415343403105	0.0464065798044733	ghko_vs_wt
Zfp266	416.92983670042713	-0.2572767261234891	0.08373763488394985	-3.0724145299785848	0.00212334630735283	0.04664936890120141	ghko_vs_wt
Ppp2r2c	15129.155873553713	-0.1335932830009455	0.04348727512690967	-3.0720085958726524	0.0021262360215611414	0.04664936890120141	ghko_vs_wt
Chil1	196.75325343515794	-0.3157863192741138	0.10283887604650799	-3.0706901068356895	0.0021356468174601674	0.04673591058487651	ghko_vs_wt
Mast2	4085.051701557741	-0.19784297592750746	0.06443177261114584	-3.0705809868295204	0.0021364273768666397	0.04673591058487651	ghko_vs_wt
BC005561	99.48557064076914	-0.4072060382214211	0.13272834275660125	-3.067965965401679	0.002155211627409767	0.047001193077394206	ghko_vs_wt
Tmem130	3755.572512759659	0.26209452599421296	0.08542928675250441	3.0679704344661345	0.00215517939641432	0.047001193077394206	ghko_vs_wt
Pkm	31881.62967691382	0.18217377067437535	0.05938675193412478	3.067582663494596	0.0021579776544924027	0.047001193077394206	ghko_vs_wt
Tacr1	39.36783868431441	0.3763414281808819	0.12270235198814315	3.0671085116383763	0.0021614037863671547	0.04700739077821473	ghko_vs_wt
Grin2a	105.62964300089439	-0.41560923783091736	0.13553111763069794	-3.0665226192806174	0.002165644221943242	0.04703125470672965	ghko_vs_wt
Oxtr	151.98635098725848	0.42020438788105113	0.13712300629922122	3.0644338920349186	0.002180823662115132	0.04726232869806455	ghko_vs_wt
Tsr2	1084.2363752757312	0.24417782680576836	0.07968755807226802	3.064190103357483	0.0021826016928665776	0.04726232869806455	ghko_vs_wt
Slc22a17	15106.052164956242	0.1952397273641753	0.06373586791584944	3.0632630220388717	0.0021893753423337524	0.04727218361809515	ghko_vs_wt
Bzrap1	11398.507549071459	-0.17709207571822036	0.05780582731029396	-3.063567878158957	0.002187145810780163	0.04727218361809515	ghko_vs_wt
Dmpk	566.1594034050605	-0.2533310754161834	0.08274738065349248	-3.061499631958334	0.002202312627357159	0.04748300265582878	ghko_vs_wt
C77080	840.3504173004583	-0.3256484781557841	0.10642334375417645	-3.0599346597113892	0.0022138528453041015	0.04757139010955237	ghko_vs_wt
N6amt1	266.84886126816684	0.2762003293383449	0.09028451143023951	3.0592216202195175	0.0022191292051371753	0.04757139010955237	ghko_vs_wt
Slc4a4	1911.5702934459453	-0.24624835573420603	0.0804835740063232	-3.0596100977680183	0.002216253116155651	0.04757139010955237	ghko_vs_wt
Ica1	781.5367835021078	0.1814658320225533	0.059311222698024274	3.0595530452384034	0.00221667528977377	0.04757139010955237	ghko_vs_wt
Nsg2	11690.31807906252	0.33177679143385097	0.10849261556303758	3.0580587417129634	0.0022277590188712663	0.047599135563047734	ghko_vs_wt
Prkab2	863.5432446587703	-0.2703077506748178	0.08837659540640215	-3.0585897706491223	0.0022238144027930075	0.047599135563047734	ghko_vs_wt
Tmem9	1003.1459802362652	0.2315906793220928	0.07573862425273052	3.0577618963516295	0.002229966853551859	0.047599135563047734	ghko_vs_wt
Sh3glb1	1401.9179426878193	-0.19396435227615128	0.06347056635934979	-3.0559732392805183	0.0022433127702637177	0.04781579626988035	ghko_vs_wt
Mdn1	1496.7316429919817	-0.27059913350874104	0.08857325769773028	-3.055088415424459	0.002249941831450221	0.04788887570980036	ghko_vs_wt
Smoc1	236.98561827601168	0.4009457874914864	0.13127642087603464	3.054210229193426	0.0022565389063467656	0.047893037809456245	ghko_vs_wt
Lhfpl4	2907.842583140805	0.18963518391496992	0.06208892572069197	3.0542513292635607	0.0022562297611903445	0.047893037809456245	ghko_vs_wt
Eogt	461.17931407925835	-0.2762105547345839	0.0905001347990842	-3.0520457825591985	0.00227287431355267	0.048037850295293165	ghko_vs_wt
Ahsa2	486.38697818354717	-0.24344938118839105	0.07976637685447	-3.052030075686564	0.0022729932506227067	0.048037850295293165	ghko_vs_wt
Cbr1	1039.6368060205689	0.23299081897087348	0.07633778668885687	3.052103408768118	0.0022724379997397237	0.048037850295293165	ghko_vs_wt
Dennd5a	6247.58750557072	-0.20914167036675838	0.06856067851608649	-3.0504609186107627	0.002284904149080145	0.04815355039814959	ghko_vs_wt
Exd2	1897.495260010241	-0.16664592293319688	0.054622554209233995	-3.0508628779030116	0.002281847587813577	0.04815355039814959	ghko_vs_wt
Klf14	16.87210496782733	-0.4087946920508929	0.13403863456848605	-3.0498273379681606	0.002289729611039856	0.04818737576651106	ghko_vs_wt
Gfod1	3385.1939245994217	-0.33125925294246944	0.1086674976602776	-3.0483747217412756	0.0023008282483478605	0.04825387659709269	ghko_vs_wt
Mfsd7b	246.1691389359681	-0.28293904504133494	0.09280193687293506	-3.0488484893234147	0.0022972030491692046	0.04825387659709269	ghko_vs_wt
Jam2	664.3005224467345	-0.18923072710306565	0.06208055545852482	-3.0481480989564944	0.0023025641843429914	0.04825387659709269	ghko_vs_wt
Ccdc88a	741.9370100463979	-0.3000802220890128	0.09849070355447839	-3.0467872729026526	0.002313013399022152	0.04829059670467451	ghko_vs_wt
Far2	204.24041581943573	0.2852224126667214	0.09361808651934572	3.046659286373916	0.002313998385166853	0.04829059670467451	ghko_vs_wt
6530403H02Rik	11.627344614511113	0.27772001473033797	0.09113370651677502	3.0473907552439767	0.002308374162440437	0.04829059670467451	ghko_vs_wt
Tom1l1	283.9335131424643	-0.26964050183464533	0.08853365083254715	-3.045627276171456	0.0023219547992145125	0.048321849319397425	ghko_vs_wt
Gigyf2	1489.3618855591976	0.15964318440961436	0.05241474647384125	3.0457685126701484	0.0023208644406469917	0.048321849319397425	ghko_vs_wt
Ipw	70.09222860046596	-0.38372282455856194	0.1260806737247054	-3.0434706067355966	0.0023386628636691193	0.04860196170705699	ghko_vs_wt
Gpc4	130.23108991676284	0.4159072051991663	0.13675745752818272	3.0412031103565735	0.0023563481890407022	0.048901578297664394	ghko_vs_wt
Coq10b	257.34903665537377	-0.36193616227505876	0.11914246067263866	-3.0378436053081974	0.002382775826482675	0.04923006461085815	ghko_vs_wt
Kcnj4	2740.24864325346	0.28272279398091854	0.09307685484364064	3.0375198480423857	0.002385336954011372	0.04923006461085815	ghko_vs_wt
Cttnbp2nl	579.0353813798276	-0.21283477777621235	0.07006310145308543	-3.037758440064596	0.0023834492940328182	0.04923006461085815	ghko_vs_wt
Fam219a	3497.062597037691	0.14486039612480495	0.04767553980205426	3.038463680248947	0.0023778776629600792	0.04923006461085815	ghko_vs_wt
Hipk1	1808.8996646550672	-0.2588799970643646	0.08527684967400438	-3.0357593890253787	0.002399307475220017	0.04945018974065718	ghko_vs_wt
Zfp180	1337.929394785351	-0.19554167880515397	0.06443813377375295	-3.034564587045852	0.0024088317209759224	0.04957819675510692	ghko_vs_wt
4932416H05Rik	119.97441259770953	0.34349447511928827	0.11322881573019412	3.033631261654982	0.0024162956931505306	0.04966350612171894	ghko_vs_wt
4930539E08Rik	148.23585393974736	0.4136506782198397	0.13644300524479672	3.0316737562156146	0.0024320190223025492	0.04991810786106042	ghko_vs_wt
